unit_id,truth,defect_type,evidence,annotator,date,source_layer
sven/train/cwe-022/ZMSItem.py::zmi_page_request@vul,1,cwe-022,github.com/zms-publishing/zms4/commit/3f28620d475220dfdb06f79787158ac50727c61a | ZMSItem.py,"SVEN CCS'23 (He&Vechev), MIT",,L3
sven/train/cwe-022/ZMSItem.py::zmi_page_request@fix,0,cwe-022,github.com/zms-publishing/zms4/commit/3f28620d475220dfdb06f79787158ac50727c61a | ZMSItem.py | 修复版,"SVEN CCS'23 (He&Vechev), MIT",,L3
sven/train/cwe-022/nova/virt/disk/api.py::_inject_file_into_fs@vul,1,cwe-022,github.com/openstack/nova/commit/2427d4a99bed35baefd8f17ba422cb7aae8dcca7 | nova/virt/disk/api.py,"SVEN CCS'23 (He&Vechev), MIT",,L3
sven/train/cwe-022/nova/virt/disk/api.py::_inject_file_into_fs@fix,0,cwe-022,github.com/openstack/nova/commit/2427d4a99bed35baefd8f17ba422cb7aae8dcca7 | nova/virt/disk/api.py | 修复版,"SVEN CCS'23 (He&Vechev), MIT",,L3
sven/train/cwe-022/custodia/store/etcdstore.py::cut@vul,1,cwe-022,github.com/latchset/custodia/commit/785fc87f38b4811bc4ce43a0a9b2267ee7d500b4 | custodia/store/etcdstore.py,"SVEN CCS'23 (He&Vechev), MIT",,L3
sven/train/cwe-022/custodia/store/etcdstore.py::cut@fix,0,cwe-022,github.com/latchset/custodia/commit/785fc87f38b4811bc4ce43a0a9b2267ee7d500b4 | custodia/store/etcdstore.py | 修复版,"SVEN CCS'23 (He&Vechev), MIT",,L3
sven/train/cwe-022/whitenoise/base.py::candidate_paths_for_url@vul,1,cwe-022,github.com/evansd/whitenoise/commit/4d8a3ab1e97d7ddb18b3fa8b4909c92bad5529c6 | whitenoise/base.py,"SVEN CCS'23 (He&Vechev), MIT",,L3
sven/train/cwe-022/whitenoise/base.py::candidate_paths_for_url@fix,0,cwe-022,github.com/evansd/whitenoise/commit/4d8a3ab1e97d7ddb18b3fa8b4909c92bad5529c6 | whitenoise/base.py | 修复版,"SVEN CCS'23 (He&Vechev), MIT",,L3
sven/train/cwe-022/impl.py::updateKey@vul,1,cwe-022,github.com/Mimickal/FoxLock/commit/7c665e556987f4e2c1a75e143a1e80ae066ad833 | impl.py,"SVEN CCS'23 (He&Vechev), MIT",,L3
sven/train/cwe-022/impl.py::updateKey@fix,0,cwe-022,github.com/Mimickal/FoxLock/commit/7c665e556987f4e2c1a75e143a1e80ae066ad833 | impl.py | 修复版,"SVEN CCS'23 (He&Vechev), MIT",,L3
sven/train/cwe-022/MeTal/core/utils.py::create_basename_core@vul,1,cwe-022,github.com/syegulalp/mercury/commit/3f7c7442fa49aec37577dbdb47ce11a848e7bd03 | MeTal/core/utils.py,"SVEN CCS'23 (He&Vechev), MIT",,L3
sven/train/cwe-022/MeTal/core/utils.py::create_basename_core@fix,0,cwe-022,github.com/syegulalp/mercury/commit/3f7c7442fa49aec37577dbdb47ce11a848e7bd03 | MeTal/core/utils.py | 修复版,"SVEN CCS'23 (He&Vechev), MIT",,L3
sven/train/cwe-022/custodia/store/etcdstore.py::get@vul,1,cwe-022,github.com/latchset/custodia/commit/785fc87f38b4811bc4ce43a0a9b2267ee7d500b4 | custodia/store/etcdstore.py,"SVEN CCS'23 (He&Vechev), MIT",,L3
sven/train/cwe-022/custodia/store/etcdstore.py::get@fix,0,cwe-022,github.com/latchset/custodia/commit/785fc87f38b4811bc4ce43a0a9b2267ee7d500b4 | custodia/store/etcdstore.py | 修复版,"SVEN CCS'23 (He&Vechev), MIT",,L3
sven/train/cwe-022/cherrymusicserver/httphandler.py::download_check_files@vul,1,cwe-022,github.com/devsnd/cherrymusic/commit/62dec34a1ea0741400dd6b6c660d303dcd651e86 | cherrymusicserver/httphandler.py,"SVEN CCS'23 (He&Vechev), MIT",,L3
sven/train/cwe-022/cherrymusicserver/httphandler.py::download_check_files@fix,0,cwe-022,github.com/devsnd/cherrymusic/commit/62dec34a1ea0741400dd6b6c660d303dcd651e86 | cherrymusicserver/httphandler.py | 修复版,"SVEN CCS'23 (He&Vechev), MIT",,L3
sven/train/cwe-022/cuckoo/core/submit.py::get_files@vul,1,cwe-022,github.com/cuckoosandbox/cuckoo/commit/168cabf86730d56b7fa319278bf0f0034052666a | cuckoo/core/submit.py,"SVEN CCS'23 (He&Vechev), MIT",,L3
sven/train/cwe-022/cuckoo/core/submit.py::get_files@fix,0,cwe-022,github.com/cuckoosandbox/cuckoo/commit/168cabf86730d56b7fa319278bf0f0034052666a | cuckoo/core/submit.py | 修复版,"SVEN CCS'23 (He&Vechev), MIT",,L3
sven/train/cwe-022/fooster/web/web.py::handle@vul,1,cwe-022,github.com/fkmclane/python-fooster-web/commit/80202a6d3788ad1212a162d19785c600025e6aa4 | fooster/web/web.py,"SVEN CCS'23 (He&Vechev), MIT",,L3
sven/train/cwe-022/fooster/web/web.py::handle@fix,0,cwe-022,github.com/fkmclane/python-fooster-web/commit/80202a6d3788ad1212a162d19785c600025e6aa4 | fooster/web/web.py | 修复版,"SVEN CCS'23 (He&Vechev), MIT",,L3
sven/train/cwe-022/plugin/controllers/file.py::render@vul,1,cwe-022,github.com/E2OpenPlugins/e2openplugin-OpenWebif/commit/a846b7664eda3a4c51a452e00638cf7337dc2013 | plugin/controllers/file.py,"SVEN CCS'23 (He&Vechev), MIT",,L3
sven/train/cwe-022/plugin/controllers/file.py::render@fix,0,cwe-022,github.com/E2OpenPlugins/e2openplugin-OpenWebif/commit/a846b7664eda3a4c51a452e00638cf7337dc2013 | plugin/controllers/file.py | 修复版,"SVEN CCS'23 (He&Vechev), MIT",,L3
sven/train/cwe-022/nova/virt/disk/api.py::_inject_net_into_fs@vul,1,cwe-022,github.com/openstack/nova/commit/2427d4a99bed35baefd8f17ba422cb7aae8dcca7 | nova/virt/disk/api.py,"SVEN CCS'23 (He&Vechev), MIT",,L3
sven/train/cwe-022/nova/virt/disk/api.py::_inject_net_into_fs@fix,0,cwe-022,github.com/openstack/nova/commit/2427d4a99bed35baefd8f17ba422cb7aae8dcca7 | nova/virt/disk/api.py | 修复版,"SVEN CCS'23 (He&Vechev), MIT",,L3
sven/train/cwe-022/Pyjo/Path.py::canonicalize@vul,1,cwe-022,github.com/dex4er/Pyjoyment/commit/e4b115bc80c41615b2133091af3a74ee5d995c2e | Pyjo/Path.py,"SVEN CCS'23 (He&Vechev), MIT",,L3
sven/train/cwe-022/Pyjo/Path.py::canonicalize@fix,0,cwe-022,github.com/dex4er/Pyjoyment/commit/e4b115bc80c41615b2133091af3a74ee5d995c2e | Pyjo/Path.py | 修复版,"SVEN CCS'23 (He&Vechev), MIT",,L3
sven/train/cwe-022/impl.py::addKey@vul,1,cwe-022,github.com/Mimickal/FoxLock/commit/7c665e556987f4e2c1a75e143a1e80ae066ad833 | impl.py,"SVEN CCS'23 (He&Vechev), MIT",,L3
sven/train/cwe-022/impl.py::addKey@fix,0,cwe-022,github.com/Mimickal/FoxLock/commit/7c665e556987f4e2c1a75e143a1e80ae066ad833 | impl.py | 修复版,"SVEN CCS'23 (He&Vechev), MIT",,L3
sven/train/cwe-022/package_linter.py::misc_file_checks@vul,1,cwe-022,github.com/YunoHost/package_linter/commit/f6e98894cfe841aedaa7efd590937f0255193913 | package_linter.py,"SVEN CCS'23 (He&Vechev), MIT",,L3
sven/train/cwe-022/package_linter.py::misc_file_checks@fix,0,cwe-022,github.com/YunoHost/package_linter/commit/f6e98894cfe841aedaa7efd590937f0255193913 | package_linter.py | 修复版,"SVEN CCS'23 (He&Vechev), MIT",,L3
sven/train/cwe-022/openapi_python_client/utils.py::pascal_case@vul,1,cwe-022,github.com/openapi-generators/openapi-python-client/commit/3e7dfae5d0b3685abf1ede1bc6c086a116ac4746 | openapi_python_client/utils.py,"SVEN CCS'23 (He&Vechev), MIT",,L3
sven/train/cwe-022/openapi_python_client/utils.py::pascal_case@fix,0,cwe-022,github.com/openapi-generators/openapi-python-client/commit/3e7dfae5d0b3685abf1ede1bc6c086a116ac4746 | openapi_python_client/utils.py | 修复版,"SVEN CCS'23 (He&Vechev), MIT",,L3
sven/train/cwe-022/custodia/store/etcdstore.py::list@vul,1,cwe-022,github.com/latchset/custodia/commit/785fc87f38b4811bc4ce43a0a9b2267ee7d500b4 | custodia/store/etcdstore.py,"SVEN CCS'23 (He&Vechev), MIT",,L3
sven/train/cwe-022/custodia/store/etcdstore.py::list@fix,0,cwe-022,github.com/latchset/custodia/commit/785fc87f38b4811bc4ce43a0a9b2267ee7d500b4 | custodia/store/etcdstore.py | 修复版,"SVEN CCS'23 (He&Vechev), MIT",,L3
sven/train/cwe-022/plugin/handlers_go/anagonda/context/gometalinter.py::_normalize@vul,1,cwe-022,github.com/DamnWidget/anaconda_go/commit/d3db90bb8853d832927818699591b91f56f6413c | plugin/handlers_go/anagonda/context/gometalinter.py,"SVEN CCS'23 (He&Vechev), MIT",,L3
sven/train/cwe-022/plugin/handlers_go/anagonda/context/gometalinter.py::_normalize@fix,0,cwe-022,github.com/DamnWidget/anaconda_go/commit/d3db90bb8853d832927818699591b91f56f6413c | plugin/handlers_go/anagonda/context/gometalinter.py | 修复版,"SVEN CCS'23 (He&Vechev), MIT",,L3
sven/train/cwe-022/nova/image/s3.py::_download_file@vul,1,cwe-022,github.com/openstack/nova/commit/76363226bd8533256f7795bba358d7f4b8a6c9e6 | nova/image/s3.py,"SVEN CCS'23 (He&Vechev), MIT",,L3
sven/train/cwe-022/nova/image/s3.py::_download_file@fix,0,cwe-022,github.com/openstack/nova/commit/76363226bd8533256f7795bba358d7f4b8a6c9e6 | nova/image/s3.py | 修复版,"SVEN CCS'23 (He&Vechev), MIT",,L3
sven/train/cwe-022/gallery/gallery.py::save@vul,1,cwe-022,github.com/crccheck/gallery-cms/commit/60dec5c580a779ae27824ed54cb113eca25afdc0 | gallery/gallery.py,"SVEN CCS'23 (He&Vechev), MIT",,L3
sven/train/cwe-022/gallery/gallery.py::save@fix,0,cwe-022,github.com/crccheck/gallery-cms/commit/60dec5c580a779ae27824ed54cb113eca25afdc0 | gallery/gallery.py | 修复版,"SVEN CCS'23 (He&Vechev), MIT",,L3
sven/train/cwe-022/modules/goals.py::new_goal@vul,1,cwe-022,github.com/yoda-pa/yoda/commit/263946316041601de75638ee303a892f2652cf40 | modules/goals.py,"SVEN CCS'23 (He&Vechev), MIT",,L3
sven/train/cwe-022/modules/goals.py::new_goal@fix,0,cwe-022,github.com/yoda-pa/yoda/commit/263946316041601de75638ee303a892f2652cf40 | modules/goals.py | 修复版,"SVEN CCS'23 (He&Vechev), MIT",,L3
sven/train/cwe-022/nova/virt/disk/api.py::_inject_admin_password_into_fs@vul,1,cwe-022,github.com/openstack/nova/commit/2427d4a99bed35baefd8f17ba422cb7aae8dcca7 | nova/virt/disk/api.py,"SVEN CCS'23 (He&Vechev), MIT",,L3
sven/train/cwe-022/nova/virt/disk/api.py::_inject_admin_password_into_fs@fix,0,cwe-022,github.com/openstack/nova/commit/2427d4a99bed35baefd8f17ba422cb7aae8dcca7 | nova/virt/disk/api.py | 修复版,"SVEN CCS'23 (He&Vechev), MIT",,L3
sven/train/cwe-022/xhu.py::get_paths@vul,1,cwe-022,github.com/horazont/xmpp-http-upload/commit/82056540191e89f0cd697c81f57714c00962ed75 | xhu.py,"SVEN CCS'23 (He&Vechev), MIT",,L3
sven/train/cwe-022/xhu.py::get_paths@fix,0,cwe-022,github.com/horazont/xmpp-http-upload/commit/82056540191e89f0cd697c81f57714c00962ed75 | xhu.py | 修复版,"SVEN CCS'23 (He&Vechev), MIT",,L3
sven/train/cwe-022/salt/utils/verify.py::valid_id@vul,1,cwe-022,github.com/saltstack/salt/commit/80d90307b07b3703428ecbb7c8bb468e28a9ae6d | salt/utils/verify.py,"SVEN CCS'23 (He&Vechev), MIT",,L3
sven/train/cwe-022/salt/utils/verify.py::valid_id@fix,0,cwe-022,github.com/saltstack/salt/commit/80d90307b07b3703428ecbb7c8bb468e28a9ae6d | salt/utils/verify.py | 修复版,"SVEN CCS'23 (He&Vechev), MIT",,L3
sven/train/cwe-022/seagull/routes/app.py::get@vul,1,cwe-022,github.com/foxbunny/seagull/commit/1fb790712fe0c1d1957b31e34a8e0e6593af87a7 | seagull/routes/app.py,"SVEN CCS'23 (He&Vechev), MIT",,L3
sven/train/cwe-022/seagull/routes/app.py::get@fix,0,cwe-022,github.com/foxbunny/seagull/commit/1fb790712fe0c1d1957b31e34a8e0e6593af87a7 | seagull/routes/app.py | 修复版,"SVEN CCS'23 (He&Vechev), MIT",,L3
sven/train/cwe-022/Lib/CGIHTTPServer.py::is_cgi@vul,1,cwe-022,github.com/Ricky-Wilson/Python/commit/c5abced949e6a4b001d1dee321593e74ecadecfe | Lib/CGIHTTPServer.py,"SVEN CCS'23 (He&Vechev), MIT",,L3
sven/train/cwe-022/Lib/CGIHTTPServer.py::is_cgi@fix,0,cwe-022,github.com/Ricky-Wilson/Python/commit/c5abced949e6a4b001d1dee321593e74ecadecfe | Lib/CGIHTTPServer.py | 修复版,"SVEN CCS'23 (He&Vechev), MIT",,L3
sven/train/cwe-022/impl.py::deleteKey@vul,1,cwe-022,github.com/Mimickal/FoxLock/commit/7c665e556987f4e2c1a75e143a1e80ae066ad833 | impl.py,"SVEN CCS'23 (He&Vechev), MIT",,L3
sven/train/cwe-022/impl.py::deleteKey@fix,0,cwe-022,github.com/Mimickal/FoxLock/commit/7c665e556987f4e2c1a75e143a1e80ae066ad833 | impl.py | 修复版,"SVEN CCS'23 (He&Vechev), MIT",,L3
sven/train/cwe-022/custodia/store/etcdstore.py::set@vul,1,cwe-022,github.com/latchset/custodia/commit/785fc87f38b4811bc4ce43a0a9b2267ee7d500b4 | custodia/store/etcdstore.py,"SVEN CCS'23 (He&Vechev), MIT",,L3
sven/train/cwe-022/custodia/store/etcdstore.py::set@fix,0,cwe-022,github.com/latchset/custodia/commit/785fc87f38b4811bc4ce43a0a9b2267ee7d500b4 | custodia/store/etcdstore.py | 修复版,"SVEN CCS'23 (He&Vechev), MIT",,L3
sven/train/cwe-022/nova/virt/disk/api.py::_inject_key_into_fs@vul,1,cwe-022,github.com/openstack/nova/commit/2427d4a99bed35baefd8f17ba422cb7aae8dcca7 | nova/virt/disk/api.py,"SVEN CCS'23 (He&Vechev), MIT",,L3
sven/train/cwe-022/nova/virt/disk/api.py::_inject_key_into_fs@fix,0,cwe-022,github.com/openstack/nova/commit/2427d4a99bed35baefd8f17ba422cb7aae8dcca7 | nova/virt/disk/api.py | 修复版,"SVEN CCS'23 (He&Vechev), MIT",,L3
sven/train/cwe-078/ajar.py::start@vul,1,cwe-078,github.com/Atticuss/ajar/commit/5ed8aba271ad20e6168f2e3bd6c25ba89b84484f | ajar.py,"SVEN CCS'23 (He&Vechev), MIT",,L3
sven/train/cwe-078/ajar.py::start@fix,0,cwe-078,github.com/Atticuss/ajar/commit/5ed8aba271ad20e6168f2e3bd6c25ba89b84484f | ajar.py | 修复版,"SVEN CCS'23 (He&Vechev), MIT",,L3
sven/train/cwe-078/cinder/volume/drivers/storwize_svc.py::_map_vol_to_host@vul,1,cwe-078,github.com/thatsdone/cinder/commit/f752302d181583a95cf44354aea607ce9d9283f4 | cinder/volume/drivers/storwize_svc.py,"SVEN CCS'23 (He&Vechev), MIT",,L3
sven/train/cwe-078/cinder/volume/drivers/storwize_svc.py::_map_vol_to_host@fix,0,cwe-078,github.com/thatsdone/cinder/commit/f752302d181583a95cf44354aea607ce9d9283f4 | cinder/volume/drivers/storwize_svc.py | 修复版,"SVEN CCS'23 (He&Vechev), MIT",,L3
sven/train/cwe-078/cinder/volume/drivers/storwize_svc.py::_delete_vdisk@vul,1,cwe-078,github.com/thatsdone/cinder/commit/f752302d181583a95cf44354aea607ce9d9283f4 | cinder/volume/drivers/storwize_svc.py,"SVEN CCS'23 (He&Vechev), MIT",,L3
sven/train/cwe-078/cinder/volume/drivers/storwize_svc.py::_delete_vdisk@fix,0,cwe-078,github.com/thatsdone/cinder/commit/f752302d181583a95cf44354aea607ce9d9283f4 | cinder/volume/drivers/storwize_svc.py | 修复版,"SVEN CCS'23 (He&Vechev), MIT",,L3
sven/train/cwe-078/cinder/volume/drivers/san/hp_lefthand.py::_cliq_run@vul,1,cwe-078,github.com/thatsdone/cinder/commit/c55589b131828f3a595903f6796cb2d0babb772f | cinder/volume/drivers/san/hp_lefthand.py,"SVEN CCS'23 (He&Vechev), MIT",,L3
sven/train/cwe-078/cinder/volume/drivers/san/hp_lefthand.py::_cliq_run@fix,0,cwe-078,github.com/thatsdone/cinder/commit/c55589b131828f3a595903f6796cb2d0babb772f | cinder/volume/drivers/san/hp_lefthand.py | 修复版,"SVEN CCS'23 (He&Vechev), MIT",,L3
sven/train/cwe-078/cinder/volume/drivers/san/hp/hp_3par_common.py::_set_qos_rule@vul,1,cwe-078,github.com/thatsdone/cinder/commit/c55589b131828f3a595903f6796cb2d0babb772f | cinder/volume/drivers/san/hp/hp_3par_common.py,"SVEN CCS'23 (He&Vechev), MIT",,L3
sven/train/cwe-078/cinder/volume/drivers/san/hp/hp_3par_common.py::_set_qos_rule@fix,0,cwe-078,github.com/thatsdone/cinder/commit/c55589b131828f3a595903f6796cb2d0babb772f | cinder/volume/drivers/san/hp/hp_3par_common.py | 修复版,"SVEN CCS'23 (He&Vechev), MIT",,L3
sven/train/cwe-078/isort/hooks.py::get_lines@vul,1,cwe-078,github.com/timothycrosley/isort/commit/1ab38f4f7840a3c19bf961a24630a992a8373a76 | isort/hooks.py,"SVEN CCS'23 (He&Vechev), MIT",,L3
sven/train/cwe-078/isort/hooks.py::get_lines@fix,0,cwe-078,github.com/timothycrosley/isort/commit/1ab38f4f7840a3c19bf961a24630a992a8373a76 | isort/hooks.py | 修复版,"SVEN CCS'23 (He&Vechev), MIT",,L3
sven/train/cwe-078/cinder/volume/drivers/san/hp/hp_3par_iscsi.py::_modify_3par_iscsi_host@vul,1,cwe-078,github.com/thatsdone/cinder/commit/c55589b131828f3a595903f6796cb2d0babb772f | cinder/volume/drivers/san/hp/hp_3par_iscsi.py,"SVEN CCS'23 (He&Vechev), MIT",,L3
sven/train/cwe-078/cinder/volume/drivers/san/hp/hp_3par_iscsi.py::_modify_3par_iscsi_host@fix,0,cwe-078,github.com/thatsdone/cinder/commit/c55589b131828f3a595903f6796cb2d0babb772f | cinder/volume/drivers/san/hp/hp_3par_iscsi.py | 修复版,"SVEN CCS'23 (He&Vechev), MIT",,L3
sven/train/cwe-078/coalib/misc/Shell.py::run_interactive_shell_command@vul,1,cwe-078,github.com/coala/coala/commit/adc94c745e4d9f792fd9c9791c7b4cd8790d0d2f | coalib/misc/Shell.py,"SVEN CCS'23 (He&Vechev), MIT",,L3
sven/train/cwe-078/coalib/misc/Shell.py::run_interactive_shell_command@fix,0,cwe-078,github.com/coala/coala/commit/adc94c745e4d9f792fd9c9791c7b4cd8790d0d2f | coalib/misc/Shell.py | 修复版,"SVEN CCS'23 (He&Vechev), MIT",,L3
sven/train/cwe-078/Trialwebsite/app/app.py::delete_video@vul,1,cwe-078,github.com/jmarcello97/CSEC-380-Project/commit/05dcd628aa5879b6e4979c43e7c635075975de09 | Trialwebsite/app/app.py,"SVEN CCS'23 (He&Vechev), MIT",,L3
sven/train/cwe-078/Trialwebsite/app/app.py::delete_video@fix,0,cwe-078,github.com/jmarcello97/CSEC-380-Project/commit/05dcd628aa5879b6e4979c43e7c635075975de09 | Trialwebsite/app/app.py | 修复版,"SVEN CCS'23 (He&Vechev), MIT",,L3
sven/train/cwe-078/bot.py::whitelist@vul,1,cwe-078,github.com/thomotron/Gatekeep/commit/955660f9b3dc336ab0d5dfb4392b3ab6deac6b25 | bot.py,"SVEN CCS'23 (He&Vechev), MIT",,L3
sven/train/cwe-078/bot.py::whitelist@fix,0,cwe-078,github.com/thomotron/Gatekeep/commit/955660f9b3dc336ab0d5dfb4392b3ab6deac6b25 | bot.py | 修复版,"SVEN CCS'23 (He&Vechev), MIT",,L3
sven/train/cwe-078/cinder/tests/test_hp3par.py::test_create_host@vul,1,cwe-078,github.com/thatsdone/cinder/commit/c55589b131828f3a595903f6796cb2d0babb772f | cinder/tests/test_hp3par.py,"SVEN CCS'23 (He&Vechev), MIT",,L3
sven/train/cwe-078/cinder/tests/test_hp3par.py::test_create_host@fix,0,cwe-078,github.com/thatsdone/cinder/commit/c55589b131828f3a595903f6796cb2d0babb772f | cinder/tests/test_hp3par.py | 修复版,"SVEN CCS'23 (He&Vechev), MIT",,L3
sven/train/cwe-078/cinder/volume/drivers/storwize_svc.py::do_setup@vul,1,cwe-078,github.com/thatsdone/cinder/commit/f752302d181583a95cf44354aea607ce9d9283f4 | cinder/volume/drivers/storwize_svc.py,"SVEN CCS'23 (He&Vechev), MIT",,L3
sven/train/cwe-078/cinder/volume/drivers/storwize_svc.py::do_setup@fix,0,cwe-078,github.com/thatsdone/cinder/commit/f752302d181583a95cf44354aea607ce9d9283f4 | cinder/volume/drivers/storwize_svc.py | 修复版,"SVEN CCS'23 (He&Vechev), MIT",,L3
sven/train/cwe-078/cinder/volume/drivers/storwize_svc.py::_execute_command_and_parse_attributes@vul,1,cwe-078,github.com/thatsdone/cinder/commit/f752302d181583a95cf44354aea607ce9d9283f4 | cinder/volume/drivers/storwize_svc.py,"SVEN CCS'23 (He&Vechev), MIT",,L3
sven/train/cwe-078/cinder/volume/drivers/storwize_svc.py::_execute_command_and_parse_attributes@fix,0,cwe-078,github.com/thatsdone/cinder/commit/f752302d181583a95cf44354aea607ce9d9283f4 | cinder/volume/drivers/storwize_svc.py | 修复版,"SVEN CCS'23 (He&Vechev), MIT",,L3
sven/train/cwe-078/cinder/tests/test_hp3par.py::test_get_iscsi_ip_active@vul,1,cwe-078,github.com/thatsdone/cinder/commit/c55589b131828f3a595903f6796cb2d0babb772f | cinder/tests/test_hp3par.py,"SVEN CCS'23 (He&Vechev), MIT",,L3
sven/train/cwe-078/cinder/tests/test_hp3par.py::test_get_iscsi_ip_active@fix,0,cwe-078,github.com/thatsdone/cinder/commit/c55589b131828f3a595903f6796cb2d0babb772f | cinder/tests/test_hp3par.py | 修复版,"SVEN CCS'23 (He&Vechev), MIT",,L3
sven/train/cwe-078/cinder/volume/drivers/storwize_svc.py::_find_host_from_wwpn@vul,1,cwe-078,github.com/thatsdone/cinder/commit/f752302d181583a95cf44354aea607ce9d9283f4 | cinder/volume/drivers/storwize_svc.py,"SVEN CCS'23 (He&Vechev), MIT",,L3
sven/train/cwe-078/cinder/volume/drivers/storwize_svc.py::_find_host_from_wwpn@fix,0,cwe-078,github.com/thatsdone/cinder/commit/f752302d181583a95cf44354aea607ce9d9283f4 | cinder/volume/drivers/storwize_svc.py | 修复版,"SVEN CCS'23 (He&Vechev), MIT",,L3
sven/train/cwe-078/cinder/volume/drivers/storwize_svc.py::extend_volume@vul,1,cwe-078,github.com/thatsdone/cinder/commit/f752302d181583a95cf44354aea607ce9d9283f4 | cinder/volume/drivers/storwize_svc.py,"SVEN CCS'23 (He&Vechev), MIT",,L3
sven/train/cwe-078/cinder/volume/drivers/storwize_svc.py::extend_volume@fix,0,cwe-078,github.com/thatsdone/cinder/commit/f752302d181583a95cf44354aea607ce9d9283f4 | cinder/volume/drivers/storwize_svc.py | 修复版,"SVEN CCS'23 (He&Vechev), MIT",,L3
sven/train/cwe-078/cinder/volume/drivers/storwize_svc.py::_get_host_from_connector@vul,1,cwe-078,github.com/thatsdone/cinder/commit/f752302d181583a95cf44354aea607ce9d9283f4 | cinder/volume/drivers/storwize_svc.py,"SVEN CCS'23 (He&Vechev), MIT",,L3
sven/train/cwe-078/cinder/volume/drivers/storwize_svc.py::_get_host_from_connector@fix,0,cwe-078,github.com/thatsdone/cinder/commit/f752302d181583a95cf44354aea607ce9d9283f4 | cinder/volume/drivers/storwize_svc.py | 修复版,"SVEN CCS'23 (He&Vechev), MIT",,L3
sven/train/cwe-078/cinder/volume/drivers/storwize_svc.py::_get_hostvdisk_mappings@vul,1,cwe-078,github.com/thatsdone/cinder/commit/f752302d181583a95cf44354aea607ce9d9283f4 | cinder/volume/drivers/storwize_svc.py,"SVEN CCS'23 (He&Vechev), MIT",,L3
sven/train/cwe-078/cinder/volume/drivers/storwize_svc.py::_get_hostvdisk_mappings@fix,0,cwe-078,github.com/thatsdone/cinder/commit/f752302d181583a95cf44354aea607ce9d9283f4 | cinder/volume/drivers/storwize_svc.py | 修复版,"SVEN CCS'23 (He&Vechev), MIT",,L3
sven/train/cwe-078/SmallProjects/Define/define.py::main@vul,1,cwe-078,github.com/kelj0/LearningPython/commit/2563088bf44f4d5e7f7d65f3c41f12fdaef4a1e4 | SmallProjects/Define/define.py,"SVEN CCS'23 (He&Vechev), MIT",,L3
sven/train/cwe-078/SmallProjects/Define/define.py::main@fix,0,cwe-078,github.com/kelj0/LearningPython/commit/2563088bf44f4d5e7f7d65f3c41f12fdaef4a1e4 | SmallProjects/Define/define.py | 修复版,"SVEN CCS'23 (He&Vechev), MIT",,L3
sven/train/cwe-078/cinder/volume/drivers/san/hp/hp_3par_common.py::_get_vvset_from_3par@vul,1,cwe-078,github.com/thatsdone/cinder/commit/c55589b131828f3a595903f6796cb2d0babb772f | cinder/volume/drivers/san/hp/hp_3par_common.py,"SVEN CCS'23 (He&Vechev), MIT",,L3
sven/train/cwe-078/cinder/volume/drivers/san/hp/hp_3par_common.py::_get_vvset_from_3par@fix,0,cwe-078,github.com/thatsdone/cinder/commit/c55589b131828f3a595903f6796cb2d0babb772f | cinder/volume/drivers/san/hp/hp_3par_common.py | 修复版,"SVEN CCS'23 (He&Vechev), MIT",,L3
sven/train/cwe-078/cinder/volume/drivers/storwize_svc.py::_get_flashcopy_mapping_attributes@vul,1,cwe-078,github.com/thatsdone/cinder/commit/f752302d181583a95cf44354aea607ce9d9283f4 | cinder/volume/drivers/storwize_svc.py,"SVEN CCS'23 (He&Vechev), MIT",,L3
sven/train/cwe-078/cinder/volume/drivers/storwize_svc.py::_get_flashcopy_mapping_attributes@fix,0,cwe-078,github.com/thatsdone/cinder/commit/f752302d181583a95cf44354aea607ce9d9283f4 | cinder/volume/drivers/storwize_svc.py | 修复版,"SVEN CCS'23 (He&Vechev), MIT",,L3
sven/train/cwe-078/cinder/volume/drivers/san/hp/hp_3par_common.py::_add_volume_to_volume_set@vul,1,cwe-078,github.com/thatsdone/cinder/commit/c55589b131828f3a595903f6796cb2d0babb772f | cinder/volume/drivers/san/hp/hp_3par_common.py,"SVEN CCS'23 (He&Vechev), MIT",,L3
sven/train/cwe-078/cinder/volume/drivers/san/hp/hp_3par_common.py::_add_volume_to_volume_set@fix,0,cwe-078,github.com/thatsdone/cinder/commit/c55589b131828f3a595903f6796cb2d0babb772f | cinder/volume/drivers/san/hp/hp_3par_common.py | 修复版,"SVEN CCS'23 (He&Vechev), MIT",,L3
sven/train/cwe-078/cinder/tests/test_eqlx.py::test_initialize_connection@vul,1,cwe-078,github.com/thatsdone/cinder/commit/9e858bebb89de05b1c9ecc27f5bd9fbff95a728e | cinder/tests/test_eqlx.py,"SVEN CCS'23 (He&Vechev), MIT",,L3
sven/train/cwe-078/cinder/tests/test_eqlx.py::test_initialize_connection@fix,0,cwe-078,github.com/thatsdone/cinder/commit/9e858bebb89de05b1c9ecc27f5bd9fbff95a728e | cinder/tests/test_eqlx.py | 修复版,"SVEN CCS'23 (He&Vechev), MIT",,L3
sven/train/cwe-078/cinder/tests/test_hp3par.py::test_create_invalid_host@vul,1,cwe-078,github.com/thatsdone/cinder/commit/c55589b131828f3a595903f6796cb2d0babb772f | cinder/tests/test_hp3par.py,"SVEN CCS'23 (He&Vechev), MIT",,L3
sven/train/cwe-078/cinder/tests/test_hp3par.py::test_create_invalid_host@fix,0,cwe-078,github.com/thatsdone/cinder/commit/c55589b131828f3a595903f6796cb2d0babb772f | cinder/tests/test_hp3par.py | 修复版,"SVEN CCS'23 (He&Vechev), MIT",,L3
sven/train/cwe-078/app/views.py::get_logs@vul,1,cwe-078,github.com/cheukyin699/genset-demo-site/commit/abb55b1a6786b0a995c2cdf77a7977a1d51cfc0d | app/views.py,"SVEN CCS'23 (He&Vechev), MIT",,L3
sven/train/cwe-078/app/views.py::get_logs@fix,0,cwe-078,github.com/cheukyin699/genset-demo-site/commit/abb55b1a6786b0a995c2cdf77a7977a1d51cfc0d | app/views.py | 修复版,"SVEN CCS'23 (He&Vechev), MIT",,L3
sven/train/cwe-078/cinder/volume/drivers/storwize_svc.py::_make_fc_map@vul,1,cwe-078,github.com/thatsdone/cinder/commit/f752302d181583a95cf44354aea607ce9d9283f4 | cinder/volume/drivers/storwize_svc.py,"SVEN CCS'23 (He&Vechev), MIT",,L3
sven/train/cwe-078/cinder/volume/drivers/storwize_svc.py::_make_fc_map@fix,0,cwe-078,github.com/thatsdone/cinder/commit/f752302d181583a95cf44354aea607ce9d9283f4 | cinder/volume/drivers/storwize_svc.py | 修复版,"SVEN CCS'23 (He&Vechev), MIT",,L3
sven/train/cwe-078/cinder/tests/test_hp3par.py::test_get_iscsi_ip@vul,1,cwe-078,github.com/thatsdone/cinder/commit/c55589b131828f3a595903f6796cb2d0babb772f | cinder/tests/test_hp3par.py,"SVEN CCS'23 (He&Vechev), MIT",,L3
sven/train/cwe-078/cinder/tests/test_hp3par.py::test_get_iscsi_ip@fix,0,cwe-078,github.com/thatsdone/cinder/commit/c55589b131828f3a595903f6796cb2d0babb772f | cinder/tests/test_hp3par.py | 修复版,"SVEN CCS'23 (He&Vechev), MIT",,L3
sven/train/cwe-078/salt/modules/disk.py::usage@vul,1,cwe-078,github.com/saltstack/salt/commit/ebdef37b7e5d2b95a01d34b211c61c61da67e46a | salt/modules/disk.py,"SVEN CCS'23 (He&Vechev), MIT",,L3
sven/train/cwe-078/salt/modules/disk.py::usage@fix,0,cwe-078,github.com/saltstack/salt/commit/ebdef37b7e5d2b95a01d34b211c61c61da67e46a | salt/modules/disk.py | 修复版,"SVEN CCS'23 (He&Vechev), MIT",,L3
sven/train/cwe-078/cinder/volume/drivers/storwize_svc.py::_get_fc_wwpns@vul,1,cwe-078,github.com/thatsdone/cinder/commit/f752302d181583a95cf44354aea607ce9d9283f4 | cinder/volume/drivers/storwize_svc.py,"SVEN CCS'23 (He&Vechev), MIT",,L3
sven/train/cwe-078/cinder/volume/drivers/storwize_svc.py::_get_fc_wwpns@fix,0,cwe-078,github.com/thatsdone/cinder/commit/f752302d181583a95cf44354aea607ce9d9283f4 | cinder/volume/drivers/storwize_svc.py | 修复版,"SVEN CCS'23 (He&Vechev), MIT",,L3
sven/train/cwe-078/src/backend/api/utils/rclone_connection.py::ls@vul,1,cwe-078,github.com/FredHutch/motuz/commit/045468cb9bff47bb3bb72268b6d5a3fe44e383db | src/backend/api/utils/rclone_connection.py,"SVEN CCS'23 (He&Vechev), MIT",,L3
sven/train/cwe-078/src/backend/api/utils/rclone_connection.py::ls@fix,0,cwe-078,github.com/FredHutch/motuz/commit/045468cb9bff47bb3bb72268b6d5a3fe44e383db | src/backend/api/utils/rclone_connection.py | 修复版,"SVEN CCS'23 (He&Vechev), MIT",,L3
sven/train/cwe-078/cinder/volume/drivers/san/hp/hp_3par_common.py::_run_ssh@vul,1,cwe-078,github.com/thatsdone/cinder/commit/c55589b131828f3a595903f6796cb2d0babb772f | cinder/volume/drivers/san/hp/hp_3par_common.py,"SVEN CCS'23 (He&Vechev), MIT",,L3
sven/train/cwe-078/cinder/volume/drivers/san/hp/hp_3par_common.py::_run_ssh@fix,0,cwe-078,github.com/thatsdone/cinder/commit/c55589b131828f3a595903f6796cb2d0babb772f | cinder/volume/drivers/san/hp/hp_3par_common.py | 修复版,"SVEN CCS'23 (He&Vechev), MIT",,L3
sven/train/cwe-078/src/backend/api/utils/rclone_connection.py::verify@vul,1,cwe-078,github.com/FredHutch/motuz/commit/045468cb9bff47bb3bb72268b6d5a3fe44e383db | src/backend/api/utils/rclone_connection.py,"SVEN CCS'23 (He&Vechev), MIT",,L3
sven/train/cwe-078/src/backend/api/utils/rclone_connection.py::verify@fix,0,cwe-078,github.com/FredHutch/motuz/commit/045468cb9bff47bb3bb72268b6d5a3fe44e383db | src/backend/api/utils/rclone_connection.py | 修复版,"SVEN CCS'23 (He&Vechev), MIT",,L3
sven/train/cwe-078/parlai/core/params.py::add_extra_args@vul,1,cwe-078,github.com/freedombenLiu/ParlAI/commit/601668d569e1276e0b8bf2bf8fb43e391e10d170 | parlai/core/params.py,"SVEN CCS'23 (He&Vechev), MIT",,L3
sven/train/cwe-078/parlai/core/params.py::add_extra_args@fix,0,cwe-078,github.com/freedombenLiu/ParlAI/commit/601668d569e1276e0b8bf2bf8fb43e391e10d170 | parlai/core/params.py | 修复版,"SVEN CCS'23 (He&Vechev), MIT",,L3
sven/train/cwe-078/cinder/volume/drivers/storwize_svc.py::_get_vdisk_fc_mappings@vul,1,cwe-078,github.com/thatsdone/cinder/commit/f752302d181583a95cf44354aea607ce9d9283f4 | cinder/volume/drivers/storwize_svc.py,"SVEN CCS'23 (He&Vechev), MIT",,L3
sven/train/cwe-078/cinder/volume/drivers/storwize_svc.py::_get_vdisk_fc_mappings@fix,0,cwe-078,github.com/thatsdone/cinder/commit/f752302d181583a95cf44354aea607ce9d9283f4 | cinder/volume/drivers/storwize_svc.py | 修复版,"SVEN CCS'23 (He&Vechev), MIT",,L3
sven/train/cwe-078/cinder/volume/drivers/san/hp/hp_3par_common.py::_copy_volume@vul,1,cwe-078,github.com/thatsdone/cinder/commit/c55589b131828f3a595903f6796cb2d0babb772f | cinder/volume/drivers/san/hp/hp_3par_common.py,"SVEN CCS'23 (He&Vechev), MIT",,L3
sven/train/cwe-078/cinder/volume/drivers/san/hp/hp_3par_common.py::_copy_volume@fix,0,cwe-078,github.com/thatsdone/cinder/commit/c55589b131828f3a595903f6796cb2d0babb772f | cinder/volume/drivers/san/hp/hp_3par_common.py | 修复版,"SVEN CCS'23 (He&Vechev), MIT",,L3
sven/train/cwe-078/cinder/volume/drivers/san/hp/hp_3par_iscsi.py::_get_active_nsp@vul,1,cwe-078,github.com/thatsdone/cinder/commit/c55589b131828f3a595903f6796cb2d0babb772f | cinder/volume/drivers/san/hp/hp_3par_iscsi.py,"SVEN CCS'23 (He&Vechev), MIT",,L3
sven/train/cwe-078/cinder/volume/drivers/san/hp/hp_3par_iscsi.py::_get_active_nsp@fix,0,cwe-078,github.com/thatsdone/cinder/commit/c55589b131828f3a595903f6796cb2d0babb772f | cinder/volume/drivers/san/hp/hp_3par_iscsi.py | 修复版,"SVEN CCS'23 (He&Vechev), MIT",,L3
sven/train/cwe-078/cinder/volume/drivers/eqlx.py::initialize_connection@vul,1,cwe-078,github.com/thatsdone/cinder/commit/9e858bebb89de05b1c9ecc27f5bd9fbff95a728e | cinder/volume/drivers/eqlx.py,"SVEN CCS'23 (He&Vechev), MIT",,L3
sven/train/cwe-078/cinder/volume/drivers/eqlx.py::initialize_connection@fix,0,cwe-078,github.com/thatsdone/cinder/commit/9e858bebb89de05b1c9ecc27f5bd9fbff95a728e | cinder/volume/drivers/eqlx.py | 修复版,"SVEN CCS'23 (He&Vechev), MIT",,L3
sven/train/cwe-078/src/backend/api/utils/rclone_connection.py::mkdir@vul,1,cwe-078,github.com/FredHutch/motuz/commit/045468cb9bff47bb3bb72268b6d5a3fe44e383db | src/backend/api/utils/rclone_connection.py,"SVEN CCS'23 (He&Vechev), MIT",,L3
sven/train/cwe-078/src/backend/api/utils/rclone_connection.py::mkdir@fix,0,cwe-078,github.com/FredHutch/motuz/commit/045468cb9bff47bb3bb72268b6d5a3fe44e383db | src/backend/api/utils/rclone_connection.py | 修复版,"SVEN CCS'23 (He&Vechev), MIT",,L3
sven/train/cwe-078/hubblestack/extmods/grains/custom_grains_pillar.py::populate_custom_grains_and_pillar@vul,1,cwe-078,github.com/hubblestack/hubble/commit/d9ca4a93ea5aabb1298c5b3dbfb23e94203428b9 | hubblestack/extmods/grains/custom_grains_pillar.py,"SVEN CCS'23 (He&Vechev), MIT",,L3
sven/train/cwe-078/hubblestack/extmods/grains/custom_grains_pillar.py::populate_custom_grains_and_pillar@fix,0,cwe-078,github.com/hubblestack/hubble/commit/d9ca4a93ea5aabb1298c5b3dbfb23e94203428b9 | hubblestack/extmods/grains/custom_grains_pillar.py | 修复版,"SVEN CCS'23 (He&Vechev), MIT",,L3
sven/train/cwe-078/src/backend/api/utils/rclone_connection.py::copy@vul,1,cwe-078,github.com/FredHutch/motuz/commit/045468cb9bff47bb3bb72268b6d5a3fe44e383db | src/backend/api/utils/rclone_connection.py,"SVEN CCS'23 (He&Vechev), MIT",,L3
sven/train/cwe-078/src/backend/api/utils/rclone_connection.py::copy@fix,0,cwe-078,github.com/FredHutch/motuz/commit/045468cb9bff47bb3bb72268b6d5a3fe44e383db | src/backend/api/utils/rclone_connection.py | 修复版,"SVEN CCS'23 (He&Vechev), MIT",,L3
sven/train/cwe-078/cinder/volume/drivers/san/hp/hp_3par_common.py::_remove_volume_from_volume_set@vul,1,cwe-078,github.com/thatsdone/cinder/commit/c55589b131828f3a595903f6796cb2d0babb772f | cinder/volume/drivers/san/hp/hp_3par_common.py,"SVEN CCS'23 (He&Vechev), MIT",,L3
sven/train/cwe-078/cinder/volume/drivers/san/hp/hp_3par_common.py::_remove_volume_from_volume_set@fix,0,cwe-078,github.com/thatsdone/cinder/commit/c55589b131828f3a595903f6796cb2d0babb772f | cinder/volume/drivers/san/hp/hp_3par_common.py | 修复版,"SVEN CCS'23 (He&Vechev), MIT",,L3
sven/train/cwe-078/zengine/wf_daemon.py::handle_message@vul,1,cwe-078,github.com/zetaops/zengine/commit/52eafbee90f8ddf78be0c7452828d49423246851 | zengine/wf_daemon.py,"SVEN CCS'23 (He&Vechev), MIT",,L3
sven/train/cwe-078/zengine/wf_daemon.py::handle_message@fix,0,cwe-078,github.com/zetaops/zengine/commit/52eafbee90f8ddf78be0c7452828d49423246851 | zengine/wf_daemon.py | 修复版,"SVEN CCS'23 (He&Vechev), MIT",,L3
sven/train/cwe-078/cinder/volume/drivers/storwize_svc.py::_add_chapsecret_to_host@vul,1,cwe-078,github.com/thatsdone/cinder/commit/f752302d181583a95cf44354aea607ce9d9283f4 | cinder/volume/drivers/storwize_svc.py,"SVEN CCS'23 (He&Vechev), MIT",,L3
sven/train/cwe-078/cinder/volume/drivers/storwize_svc.py::_add_chapsecret_to_host@fix,0,cwe-078,github.com/thatsdone/cinder/commit/f752302d181583a95cf44354aea607ce9d9283f4 | cinder/volume/drivers/storwize_svc.py | 修复版,"SVEN CCS'23 (He&Vechev), MIT",,L3
sven/train/cwe-078/cinder/volume/drivers/storwize_svc.py::_call_prepare_fc_map@vul,1,cwe-078,github.com/thatsdone/cinder/commit/f752302d181583a95cf44354aea607ce9d9283f4 | cinder/volume/drivers/storwize_svc.py,"SVEN CCS'23 (He&Vechev), MIT",,L3
sven/train/cwe-078/cinder/volume/drivers/storwize_svc.py::_call_prepare_fc_map@fix,0,cwe-078,github.com/thatsdone/cinder/commit/f752302d181583a95cf44354aea607ce9d9283f4 | cinder/volume/drivers/storwize_svc.py | 修复版,"SVEN CCS'23 (He&Vechev), MIT",,L3
sven/train/cwe-078/qt4/plugins/notifyplugin.py::on_message@vul,1,cwe-078,github.com/bit-team/backintime/commit/cef81d0da93ff601252607df3db1a48f7f6f01b3 | qt4/plugins/notifyplugin.py,"SVEN CCS'23 (He&Vechev), MIT",,L3
sven/train/cwe-078/qt4/plugins/notifyplugin.py::on_message@fix,0,cwe-078,github.com/bit-team/backintime/commit/cef81d0da93ff601252607df3db1a48f7f6f01b3 | qt4/plugins/notifyplugin.py | 修复版,"SVEN CCS'23 (He&Vechev), MIT",,L3
sven/train/cwe-078/cinder/volume/drivers/storwize_svc.py::_find_host_exhaustive@vul,1,cwe-078,github.com/thatsdone/cinder/commit/f752302d181583a95cf44354aea607ce9d9283f4 | cinder/volume/drivers/storwize_svc.py,"SVEN CCS'23 (He&Vechev), MIT",,L3
sven/train/cwe-078/cinder/volume/drivers/storwize_svc.py::_find_host_exhaustive@fix,0,cwe-078,github.com/thatsdone/cinder/commit/f752302d181583a95cf44354aea607ce9d9283f4 | cinder/volume/drivers/storwize_svc.py | 修复版,"SVEN CCS'23 (He&Vechev), MIT",,L3
sven/train/cwe-078/cinder/volume/drivers/storwize_svc.py::_create_vdisk@vul,1,cwe-078,github.com/thatsdone/cinder/commit/f752302d181583a95cf44354aea607ce9d9283f4 | cinder/volume/drivers/storwize_svc.py,"SVEN CCS'23 (He&Vechev), MIT",,L3
sven/train/cwe-078/cinder/volume/drivers/storwize_svc.py::_create_vdisk@fix,0,cwe-078,github.com/thatsdone/cinder/commit/f752302d181583a95cf44354aea607ce9d9283f4 | cinder/volume/drivers/storwize_svc.py | 修复版,"SVEN CCS'23 (He&Vechev), MIT",,L3
sven/train/cwe-078/cinder/tests/test_hp3par.py::test_invalid_iscsi_ip@vul,1,cwe-078,github.com/thatsdone/cinder/commit/c55589b131828f3a595903f6796cb2d0babb772f | cinder/tests/test_hp3par.py,"SVEN CCS'23 (He&Vechev), MIT",,L3
sven/train/cwe-078/cinder/tests/test_hp3par.py::test_invalid_iscsi_ip@fix,0,cwe-078,github.com/thatsdone/cinder/commit/c55589b131828f3a595903f6796cb2d0babb772f | cinder/tests/test_hp3par.py | 修复版,"SVEN CCS'23 (He&Vechev), MIT",,L3
sven/train/cwe-078/isort/hooks.py::get_output@vul,1,cwe-078,github.com/timothycrosley/isort/commit/1ab38f4f7840a3c19bf961a24630a992a8373a76 | isort/hooks.py,"SVEN CCS'23 (He&Vechev), MIT",,L3
sven/train/cwe-078/isort/hooks.py::get_output@fix,0,cwe-078,github.com/timothycrosley/isort/commit/1ab38f4f7840a3c19bf961a24630a992a8373a76 | isort/hooks.py | 修复版,"SVEN CCS'23 (He&Vechev), MIT",,L3
sven/train/cwe-078/vuedj/configtitania/views.py::add_user@vul,1,cwe-078,github.com/Internet-of-People/titania-os/commit/9b7805119938343fcac9dc929d8882f1d97cf14a | vuedj/configtitania/views.py,"SVEN CCS'23 (He&Vechev), MIT",,L3
sven/train/cwe-078/vuedj/configtitania/views.py::add_user@fix,0,cwe-078,github.com/Internet-of-People/titania-os/commit/9b7805119938343fcac9dc929d8882f1d97cf14a | vuedj/configtitania/views.py | 修复版,"SVEN CCS'23 (He&Vechev), MIT",,L3
sven/train/cwe-078/src/main/python/monitoring_config_generator/MonitoringConfigGenerator.py::write_section@vul,1,cwe-078,github.com/Scout24/monitoring-config-generator/commit/a4b01b72d2e3d6ec2600c384a77f675fa9bbf6b7 | src/main/python/monitoring_config_generator/MonitoringConfigGenerator.py,"SVEN CCS'23 (He&Vechev), MIT",,L3
sven/train/cwe-078/src/main/python/monitoring_config_generator/MonitoringConfigGenerator.py::write_section@fix,0,cwe-078,github.com/Scout24/monitoring-config-generator/commit/a4b01b72d2e3d6ec2600c384a77f675fa9bbf6b7 | src/main/python/monitoring_config_generator/MonitoringConfigGenerator.py | 修复版,"SVEN CCS'23 (He&Vechev), MIT",,L3
sven/train/cwe-078/cinder/volume/drivers/storwize_svc.py::_update_volume_stats@vul,1,cwe-078,github.com/thatsdone/cinder/commit/f752302d181583a95cf44354aea607ce9d9283f4 | cinder/volume/drivers/storwize_svc.py,"SVEN CCS'23 (He&Vechev), MIT",,L3
sven/train/cwe-078/cinder/volume/drivers/storwize_svc.py::_update_volume_stats@fix,0,cwe-078,github.com/thatsdone/cinder/commit/f752302d181583a95cf44354aea607ce9d9283f4 | cinder/volume/drivers/storwize_svc.py | 修复版,"SVEN CCS'23 (He&Vechev), MIT",,L3
sven/train/cwe-078/cinder/tests/test_hp3par.py::test_create_modify_host@vul,1,cwe-078,github.com/thatsdone/cinder/commit/c55589b131828f3a595903f6796cb2d0babb772f | cinder/tests/test_hp3par.py,"SVEN CCS'23 (He&Vechev), MIT",,L3
sven/train/cwe-078/cinder/tests/test_hp3par.py::test_create_modify_host@fix,0,cwe-078,github.com/thatsdone/cinder/commit/c55589b131828f3a595903f6796cb2d0babb772f | cinder/tests/test_hp3par.py | 修复版,"SVEN CCS'23 (He&Vechev), MIT",,L3
sven/train/cwe-078/repack_rust.py::install@vul,1,cwe-078,github.com/rillian/rust-build/commit/b8af51e5811fcb35eff9e1e3e91c98490e7a7dcb | repack_rust.py,"SVEN CCS'23 (He&Vechev), MIT",,L3
sven/train/cwe-078/repack_rust.py::install@fix,0,cwe-078,github.com/rillian/rust-build/commit/b8af51e5811fcb35eff9e1e3e91c98490e7a7dcb | repack_rust.py | 修复版,"SVEN CCS'23 (He&Vechev), MIT",,L3
sven/train/cwe-078/cinder/volume/drivers/san/hp/hp_3par_iscsi.py::_get_least_used_nsp@vul,1,cwe-078,github.com/thatsdone/cinder/commit/c55589b131828f3a595903f6796cb2d0babb772f | cinder/volume/drivers/san/hp/hp_3par_iscsi.py,"SVEN CCS'23 (He&Vechev), MIT",,L3
sven/train/cwe-078/cinder/volume/drivers/san/hp/hp_3par_iscsi.py::_get_least_used_nsp@fix,0,cwe-078,github.com/thatsdone/cinder/commit/c55589b131828f3a595903f6796cb2d0babb772f | cinder/volume/drivers/san/hp/hp_3par_iscsi.py | 修复版,"SVEN CCS'23 (He&Vechev), MIT",,L3
sven/train/cwe-078/cinder/volume/drivers/storwize_svc.py::_start_fc_map@vul,1,cwe-078,github.com/thatsdone/cinder/commit/f752302d181583a95cf44354aea607ce9d9283f4 | cinder/volume/drivers/storwize_svc.py,"SVEN CCS'23 (He&Vechev), MIT",,L3
sven/train/cwe-078/cinder/volume/drivers/storwize_svc.py::_start_fc_map@fix,0,cwe-078,github.com/thatsdone/cinder/commit/f752302d181583a95cf44354aea607ce9d9283f4 | cinder/volume/drivers/storwize_svc.py | 修复版,"SVEN CCS'23 (He&Vechev), MIT",,L3
sven/train/cwe-078/tests/post/steps/test_dns.py::resolve_hostname@vul,1,cwe-078,github.com/scality/metalk8s/commit/82d92836d4ff78c623a0e06302c94cfa5ff79908 | tests/post/steps/test_dns.py,"SVEN CCS'23 (He&Vechev), MIT",,L3
sven/train/cwe-078/tests/post/steps/test_dns.py::resolve_hostname@fix,0,cwe-078,github.com/scality/metalk8s/commit/82d92836d4ff78c623a0e06302c94cfa5ff79908 | tests/post/steps/test_dns.py | 修复版,"SVEN CCS'23 (He&Vechev), MIT",,L3
sven/train/cwe-078/cinder/volume/drivers/san/hp/hp_3par_fc.py::_modify_3par_fibrechan_host@vul,1,cwe-078,github.com/thatsdone/cinder/commit/c55589b131828f3a595903f6796cb2d0babb772f | cinder/volume/drivers/san/hp/hp_3par_fc.py,"SVEN CCS'23 (He&Vechev), MIT",,L3
sven/train/cwe-078/cinder/volume/drivers/san/hp/hp_3par_fc.py::_modify_3par_fibrechan_host@fix,0,cwe-078,github.com/thatsdone/cinder/commit/c55589b131828f3a595903f6796cb2d0babb772f | cinder/volume/drivers/san/hp/hp_3par_fc.py | 修复版,"SVEN CCS'23 (He&Vechev), MIT",,L3
sven/train/cwe-078/test_isort.py::test_settings_path_skip_issue_909@vul,1,cwe-078,github.com/timothycrosley/isort/commit/1ab38f4f7840a3c19bf961a24630a992a8373a76 | test_isort.py,"SVEN CCS'23 (He&Vechev), MIT",,L3
sven/train/cwe-078/test_isort.py::test_settings_path_skip_issue_909@fix,0,cwe-078,github.com/timothycrosley/isort/commit/1ab38f4f7840a3c19bf961a24630a992a8373a76 | test_isort.py | 修复版,"SVEN CCS'23 (He&Vechev), MIT",,L3
sven/train/cwe-078/cinder/volume/drivers/san/hp/hp_3par_fc.py::_create_3par_fibrechan_host@vul,1,cwe-078,github.com/thatsdone/cinder/commit/c55589b131828f3a595903f6796cb2d0babb772f | cinder/volume/drivers/san/hp/hp_3par_fc.py,"SVEN CCS'23 (He&Vechev), MIT",,L3
sven/train/cwe-078/cinder/volume/drivers/san/hp/hp_3par_fc.py::_create_3par_fibrechan_host@fix,0,cwe-078,github.com/thatsdone/cinder/commit/c55589b131828f3a595903f6796cb2d0babb772f | cinder/volume/drivers/san/hp/hp_3par_fc.py | 修复版,"SVEN CCS'23 (He&Vechev), MIT",,L3
sven/train/cwe-078/mobly/controllers/android_device.py::take_bug_report@vul,1,cwe-078,github.com/google/mobly/commit/3862e8ba359040fbdd6e1a6d36e51d07cda8e1ee | mobly/controllers/android_device.py,"SVEN CCS'23 (He&Vechev), MIT",,L3
sven/train/cwe-078/mobly/controllers/android_device.py::take_bug_report@fix,0,cwe-078,github.com/google/mobly/commit/3862e8ba359040fbdd6e1a6d36e51d07cda8e1ee | mobly/controllers/android_device.py | 修复版,"SVEN CCS'23 (He&Vechev), MIT",,L3
sven/train/cwe-078/mobly/controllers/android_device_lib/adb.py::__getattr__.adb_call@vul,1,cwe-078,github.com/google/mobly/commit/3862e8ba359040fbdd6e1a6d36e51d07cda8e1ee | mobly/controllers/android_device_lib/adb.py,"SVEN CCS'23 (He&Vechev), MIT",,L3
sven/train/cwe-078/mobly/controllers/android_device_lib/adb.py::__getattr__.adb_call@fix,0,cwe-078,github.com/google/mobly/commit/3862e8ba359040fbdd6e1a6d36e51d07cda8e1ee | mobly/controllers/android_device_lib/adb.py | 修复版,"SVEN CCS'23 (He&Vechev), MIT",,L3
sven/train/cwe-078/test_isort.py::test_skip_paths_issue_938@vul,1,cwe-078,github.com/timothycrosley/isort/commit/1ab38f4f7840a3c19bf961a24630a992a8373a76 | test_isort.py,"SVEN CCS'23 (He&Vechev), MIT",,L3
sven/train/cwe-078/test_isort.py::test_skip_paths_issue_938@fix,0,cwe-078,github.com/timothycrosley/isort/commit/1ab38f4f7840a3c19bf961a24630a992a8373a76 | test_isort.py | 修复版,"SVEN CCS'23 (He&Vechev), MIT",,L3
sven/train/cwe-078/cinder/volume/drivers/storwize_svc.py::_ensure_vdisk_no_fc_mappings@vul,1,cwe-078,github.com/thatsdone/cinder/commit/f752302d181583a95cf44354aea607ce9d9283f4 | cinder/volume/drivers/storwize_svc.py,"SVEN CCS'23 (He&Vechev), MIT",,L3
sven/train/cwe-078/cinder/volume/drivers/storwize_svc.py::_ensure_vdisk_no_fc_mappings@fix,0,cwe-078,github.com/thatsdone/cinder/commit/f752302d181583a95cf44354aea607ce9d9283f4 | cinder/volume/drivers/storwize_svc.py | 修复版,"SVEN CCS'23 (He&Vechev), MIT",,L3
sven/train/cwe-078/mobly/controllers/android_device_lib/adb.py::tcp_forward@vul,1,cwe-078,github.com/google/mobly/commit/3862e8ba359040fbdd6e1a6d36e51d07cda8e1ee | mobly/controllers/android_device_lib/adb.py,"SVEN CCS'23 (He&Vechev), MIT",,L3
sven/train/cwe-078/mobly/controllers/android_device_lib/adb.py::tcp_forward@fix,0,cwe-078,github.com/google/mobly/commit/3862e8ba359040fbdd6e1a6d36e51d07cda8e1ee | mobly/controllers/android_device_lib/adb.py | 修复版,"SVEN CCS'23 (He&Vechev), MIT",,L3
sven/train/cwe-078/repack_rust.py::repack@vul,1,cwe-078,github.com/rillian/rust-build/commit/b8af51e5811fcb35eff9e1e3e91c98490e7a7dcb | repack_rust.py,"SVEN CCS'23 (He&Vechev), MIT",,L3
sven/train/cwe-078/repack_rust.py::repack@fix,0,cwe-078,github.com/rillian/rust-build/commit/b8af51e5811fcb35eff9e1e3e91c98490e7a7dcb | repack_rust.py | 修复版,"SVEN CCS'23 (He&Vechev), MIT",,L3
sven/train/cwe-078/cinder/volume/drivers/san/hp/hp_3par_common.py::extend_volume@vul,1,cwe-078,github.com/thatsdone/cinder/commit/c55589b131828f3a595903f6796cb2d0babb772f | cinder/volume/drivers/san/hp/hp_3par_common.py,"SVEN CCS'23 (He&Vechev), MIT",,L3
sven/train/cwe-078/cinder/volume/drivers/san/hp/hp_3par_common.py::extend_volume@fix,0,cwe-078,github.com/thatsdone/cinder/commit/c55589b131828f3a595903f6796cb2d0babb772f | cinder/volume/drivers/san/hp/hp_3par_common.py | 修复版,"SVEN CCS'23 (He&Vechev), MIT",,L3
sven/train/cwe-078/cinder/volume/drivers/san/hp/hp_3par_common.py::_remove_volume_set@vul,1,cwe-078,github.com/thatsdone/cinder/commit/c55589b131828f3a595903f6796cb2d0babb772f | cinder/volume/drivers/san/hp/hp_3par_common.py,"SVEN CCS'23 (He&Vechev), MIT",,L3
sven/train/cwe-078/cinder/volume/drivers/san/hp/hp_3par_common.py::_remove_volume_set@fix,0,cwe-078,github.com/thatsdone/cinder/commit/c55589b131828f3a595903f6796cb2d0babb772f | cinder/volume/drivers/san/hp/hp_3par_common.py | 修复版,"SVEN CCS'23 (He&Vechev), MIT",,L3
sven/train/cwe-078/cinder/volume/drivers/san/hp/hp_3par_common.py::_get_3par_hostname_from_wwn_iqn@vul,1,cwe-078,github.com/thatsdone/cinder/commit/c55589b131828f3a595903f6796cb2d0babb772f | cinder/volume/drivers/san/hp/hp_3par_common.py,"SVEN CCS'23 (He&Vechev), MIT",,L3
sven/train/cwe-078/cinder/volume/drivers/san/hp/hp_3par_common.py::_get_3par_hostname_from_wwn_iqn@fix,0,cwe-078,github.com/thatsdone/cinder/commit/c55589b131828f3a595903f6796cb2d0babb772f | cinder/volume/drivers/san/hp/hp_3par_common.py | 修复版,"SVEN CCS'23 (He&Vechev), MIT",,L3
sven/train/cwe-078/cinder/volume/drivers/san/hp/hp_3par_common.py::get_ports@vul,1,cwe-078,github.com/thatsdone/cinder/commit/c55589b131828f3a595903f6796cb2d0babb772f | cinder/volume/drivers/san/hp/hp_3par_common.py,"SVEN CCS'23 (He&Vechev), MIT",,L3
sven/train/cwe-078/cinder/volume/drivers/san/hp/hp_3par_common.py::get_ports@fix,0,cwe-078,github.com/thatsdone/cinder/commit/c55589b131828f3a595903f6796cb2d0babb772f | cinder/volume/drivers/san/hp/hp_3par_common.py | 修复版,"SVEN CCS'23 (He&Vechev), MIT",,L3
sven/train/cwe-078/cinder/tests/test_hp3par.py::test_get_least_used_nsp@vul,1,cwe-078,github.com/thatsdone/cinder/commit/c55589b131828f3a595903f6796cb2d0babb772f | cinder/tests/test_hp3par.py,"SVEN CCS'23 (He&Vechev), MIT",,L3
sven/train/cwe-078/cinder/tests/test_hp3par.py::test_get_least_used_nsp@fix,0,cwe-078,github.com/thatsdone/cinder/commit/c55589b131828f3a595903f6796cb2d0babb772f | cinder/tests/test_hp3par.py | 修复版,"SVEN CCS'23 (He&Vechev), MIT",,L3
sven/train/cwe-078/cinder/tests/test_storwize_svc.py::_cmd_to_dict@vul,1,cwe-078,github.com/thatsdone/cinder/commit/f752302d181583a95cf44354aea607ce9d9283f4 | cinder/tests/test_storwize_svc.py,"SVEN CCS'23 (He&Vechev), MIT",,L3
sven/train/cwe-078/cinder/tests/test_storwize_svc.py::_cmd_to_dict@fix,0,cwe-078,github.com/thatsdone/cinder/commit/f752302d181583a95cf44354aea607ce9d9283f4 | cinder/tests/test_storwize_svc.py | 修复版,"SVEN CCS'23 (He&Vechev), MIT",,L3
sven/train/cwe-078/cinder/volume/drivers/san/hp/hp_3par_common.py::_cli_run@vul,1,cwe-078,github.com/thatsdone/cinder/commit/c55589b131828f3a595903f6796cb2d0babb772f | cinder/volume/drivers/san/hp/hp_3par_common.py,"SVEN CCS'23 (He&Vechev), MIT",,L3
sven/train/cwe-078/cinder/volume/drivers/san/hp/hp_3par_common.py::_cli_run@fix,0,cwe-078,github.com/thatsdone/cinder/commit/c55589b131828f3a595903f6796cb2d0babb772f | cinder/volume/drivers/san/hp/hp_3par_common.py | 修复版,"SVEN CCS'23 (He&Vechev), MIT",,L3
sven/train/cwe-078/cinder/volume/drivers/storwize_svc.py::_create_host@vul,1,cwe-078,github.com/thatsdone/cinder/commit/f752302d181583a95cf44354aea607ce9d9283f4 | cinder/volume/drivers/storwize_svc.py,"SVEN CCS'23 (He&Vechev), MIT",,L3
sven/train/cwe-078/cinder/volume/drivers/storwize_svc.py::_create_host@fix,0,cwe-078,github.com/thatsdone/cinder/commit/f752302d181583a95cf44354aea607ce9d9283f4 | cinder/volume/drivers/storwize_svc.py | 修复版,"SVEN CCS'23 (He&Vechev), MIT",,L3
sven/train/cwe-078/cinder/volume/drivers/storwize_svc.py::_get_iscsi_ip_addrs@vul,1,cwe-078,github.com/thatsdone/cinder/commit/f752302d181583a95cf44354aea607ce9d9283f4 | cinder/volume/drivers/storwize_svc.py,"SVEN CCS'23 (He&Vechev), MIT",,L3
sven/train/cwe-078/cinder/volume/drivers/storwize_svc.py::_get_iscsi_ip_addrs@fix,0,cwe-078,github.com/thatsdone/cinder/commit/f752302d181583a95cf44354aea607ce9d9283f4 | cinder/volume/drivers/storwize_svc.py | 修复版,"SVEN CCS'23 (He&Vechev), MIT",,L3
sven/train/cwe-078/mobly/controllers/android_device_lib/adb.py::_exec_cmd@vul,1,cwe-078,github.com/google/mobly/commit/3862e8ba359040fbdd6e1a6d36e51d07cda8e1ee | mobly/controllers/android_device_lib/adb.py,"SVEN CCS'23 (He&Vechev), MIT",,L3
sven/train/cwe-078/mobly/controllers/android_device_lib/adb.py::_exec_cmd@fix,0,cwe-078,github.com/google/mobly/commit/3862e8ba359040fbdd6e1a6d36e51d07cda8e1ee | mobly/controllers/android_device_lib/adb.py | 修复版,"SVEN CCS'23 (He&Vechev), MIT",,L3
sven/train/cwe-078/cinder/volume/drivers/storwize_svc.py::_get_conn_fc_wwpns@vul,1,cwe-078,github.com/thatsdone/cinder/commit/f752302d181583a95cf44354aea607ce9d9283f4 | cinder/volume/drivers/storwize_svc.py,"SVEN CCS'23 (He&Vechev), MIT",,L3
sven/train/cwe-078/cinder/volume/drivers/storwize_svc.py::_get_conn_fc_wwpns@fix,0,cwe-078,github.com/thatsdone/cinder/commit/f752302d181583a95cf44354aea607ce9d9283f4 | cinder/volume/drivers/storwize_svc.py | 修复版,"SVEN CCS'23 (He&Vechev), MIT",,L3
sven/train/cwe-078/cinder/volume/drivers/san/hp/hp_3par_iscsi.py::_create_3par_iscsi_host@vul,1,cwe-078,github.com/thatsdone/cinder/commit/c55589b131828f3a595903f6796cb2d0babb772f | cinder/volume/drivers/san/hp/hp_3par_iscsi.py,"SVEN CCS'23 (He&Vechev), MIT",,L3
sven/train/cwe-078/cinder/volume/drivers/san/hp/hp_3par_iscsi.py::_create_3par_iscsi_host@fix,0,cwe-078,github.com/thatsdone/cinder/commit/c55589b131828f3a595903f6796cb2d0babb772f | cinder/volume/drivers/san/hp/hp_3par_iscsi.py | 修复版,"SVEN CCS'23 (He&Vechev), MIT",,L3
sven/train/cwe-078/cinder/volume/drivers/san/hp/hp_3par_common.py::_delete_3par_host@vul,1,cwe-078,github.com/thatsdone/cinder/commit/c55589b131828f3a595903f6796cb2d0babb772f | cinder/volume/drivers/san/hp/hp_3par_common.py,"SVEN CCS'23 (He&Vechev), MIT",,L3
sven/train/cwe-078/cinder/volume/drivers/san/hp/hp_3par_common.py::_delete_3par_host@fix,0,cwe-078,github.com/thatsdone/cinder/commit/c55589b131828f3a595903f6796cb2d0babb772f | cinder/volume/drivers/san/hp/hp_3par_common.py | 修复版,"SVEN CCS'23 (He&Vechev), MIT",,L3
sven/train/cwe-078/src/lib/Server/Plugins/Trigger.py::process_statistics@vul,1,cwe-078,github.com/Bcfg2/bcfg2/commit/a524967e8d5c4c22e49cd619aed20c87a316c0be | src/lib/Server/Plugins/Trigger.py,"SVEN CCS'23 (He&Vechev), MIT",,L3
sven/train/cwe-078/src/lib/Server/Plugins/Trigger.py::process_statistics@fix,0,cwe-078,github.com/Bcfg2/bcfg2/commit/a524967e8d5c4c22e49cd619aed20c87a316c0be | src/lib/Server/Plugins/Trigger.py | 修复版,"SVEN CCS'23 (He&Vechev), MIT",,L3
sven/train/cwe-078/cinder/volume/drivers/storwize_svc.py::_delete_host@vul,1,cwe-078,github.com/thatsdone/cinder/commit/f752302d181583a95cf44354aea607ce9d9283f4 | cinder/volume/drivers/storwize_svc.py,"SVEN CCS'23 (He&Vechev), MIT",,L3
sven/train/cwe-078/cinder/volume/drivers/storwize_svc.py::_delete_host@fix,0,cwe-078,github.com/thatsdone/cinder/commit/f752302d181583a95cf44354aea607ce9d9283f4 | cinder/volume/drivers/storwize_svc.py | 修复版,"SVEN CCS'23 (He&Vechev), MIT",,L3
sven/train/cwe-078/repack_rust.py::fetch@vul,1,cwe-078,github.com/rillian/rust-build/commit/b8af51e5811fcb35eff9e1e3e91c98490e7a7dcb | repack_rust.py,"SVEN CCS'23 (He&Vechev), MIT",,L3
sven/train/cwe-078/repack_rust.py::fetch@fix,0,cwe-078,github.com/rillian/rust-build/commit/b8af51e5811fcb35eff9e1e3e91c98490e7a7dcb | repack_rust.py | 修复版,"SVEN CCS'23 (He&Vechev), MIT",,L3
sven/train/cwe-078/src/backend/api/utils/rclone_connection.py::_formatCredentials@vul,1,cwe-078,github.com/FredHutch/motuz/commit/045468cb9bff47bb3bb72268b6d5a3fe44e383db | src/backend/api/utils/rclone_connection.py,"SVEN CCS'23 (He&Vechev), MIT",,L3
sven/train/cwe-078/src/backend/api/utils/rclone_connection.py::_formatCredentials@fix,0,cwe-078,github.com/FredHutch/motuz/commit/045468cb9bff47bb3bb72268b6d5a3fe44e383db | src/backend/api/utils/rclone_connection.py | 修复版,"SVEN CCS'23 (He&Vechev), MIT",,L3
sven/train/cwe-078/src/netzob/Simulator/Channels/RawEthernetClient.py::initHeader@vul,1,cwe-078,github.com/netzob/netzob/commit/557abf64867d715497979b029efedbd2777b912e | src/netzob/Simulator/Channels/RawEthernetClient.py,"SVEN CCS'23 (He&Vechev), MIT",,L3
sven/train/cwe-078/src/netzob/Simulator/Channels/RawEthernetClient.py::initHeader@fix,0,cwe-078,github.com/netzob/netzob/commit/557abf64867d715497979b029efedbd2777b912e | src/netzob/Simulator/Channels/RawEthernetClient.py | 修复版,"SVEN CCS'23 (He&Vechev), MIT",,L3
sven/train/cwe-078/polling/poll_rdp.py::poll@vul,1,cwe-078,github.com/DSU-DefSecClub/ScoringEngine/commit/010eefe1ad416c0bdaa16fd59eca0dc8e3086a13 | polling/poll_rdp.py,"SVEN CCS'23 (He&Vechev), MIT",,L3
sven/train/cwe-078/polling/poll_rdp.py::poll@fix,0,cwe-078,github.com/DSU-DefSecClub/ScoringEngine/commit/010eefe1ad416c0bdaa16fd59eca0dc8e3086a13 | polling/poll_rdp.py | 修复版,"SVEN CCS'23 (He&Vechev), MIT",,L3
sven/train/cwe-078/cinder/volume/drivers/storwize_svc.py::terminate_connection@vul,1,cwe-078,github.com/thatsdone/cinder/commit/f752302d181583a95cf44354aea607ce9d9283f4 | cinder/volume/drivers/storwize_svc.py,"SVEN CCS'23 (He&Vechev), MIT",,L3
sven/train/cwe-078/cinder/volume/drivers/storwize_svc.py::terminate_connection@fix,0,cwe-078,github.com/thatsdone/cinder/commit/f752302d181583a95cf44354aea607ce9d9283f4 | cinder/volume/drivers/storwize_svc.py | 修复版,"SVEN CCS'23 (He&Vechev), MIT",,L3
sven/train/cwe-078/cinder/volume/drivers/storwize_svc.py::_port_conf_generator@vul,1,cwe-078,github.com/thatsdone/cinder/commit/f752302d181583a95cf44354aea607ce9d9283f4 | cinder/volume/drivers/storwize_svc.py,"SVEN CCS'23 (He&Vechev), MIT",,L3
sven/train/cwe-078/cinder/volume/drivers/storwize_svc.py::_port_conf_generator@fix,0,cwe-078,github.com/thatsdone/cinder/commit/f752302d181583a95cf44354aea607ce9d9283f4 | cinder/volume/drivers/storwize_svc.py | 修复版,"SVEN CCS'23 (He&Vechev), MIT",,L3
sven/train/cwe-079/IPython/html/notebookapp.py::init_settings@vul,1,cwe-079,github.com/ipython/ipython/commit/3ab41641cf6fce3860c73d5cf4645aa12e1e5892 | IPython/html/notebookapp.py,"SVEN CCS'23 (He&Vechev), MIT",,L3
sven/train/cwe-079/IPython/html/notebookapp.py::init_settings@fix,0,cwe-079,github.com/ipython/ipython/commit/3ab41641cf6fce3860c73d5cf4645aa12e1e5892 | IPython/html/notebookapp.py | 修复版,"SVEN CCS'23 (He&Vechev), MIT",,L3
sven/train/cwe-079/appengine/cr-buildbucket/handlers.py::get@vul,1,cwe-079,github.com/asdfghjjklllllaaa/infra/commit/2f39f3df54fb79b56744f00bcf97583b3807851f | appengine/cr-buildbucket/handlers.py,"SVEN CCS'23 (He&Vechev), MIT",,L3
sven/train/cwe-079/appengine/cr-buildbucket/handlers.py::get@fix,0,cwe-079,github.com/asdfghjjklllllaaa/infra/commit/2f39f3df54fb79b56744f00bcf97583b3807851f | appengine/cr-buildbucket/handlers.py | 修复版,"SVEN CCS'23 (He&Vechev), MIT",,L3
sven/train/cwe-079/apps/oozie/src/oozie/views/editor2.py::edit_bundle@vul,1,cwe-079,github.com/gethue/hue/commit/6641c62beaa1468082e47d82da5ed758d11c7735 | apps/oozie/src/oozie/views/editor2.py,"SVEN CCS'23 (He&Vechev), MIT",,L3
sven/train/cwe-079/apps/oozie/src/oozie/views/editor2.py::edit_bundle@fix,0,cwe-079,github.com/gethue/hue/commit/6641c62beaa1468082e47d82da5ed758d11c7735 | apps/oozie/src/oozie/views/editor2.py | 修复版,"SVEN CCS'23 (He&Vechev), MIT",,L3
sven/train/cwe-079/qutebrowser/browser/qutescheme.py::history_data@vul,1,cwe-079,github.com/qutebrowser/qutebrowser/commit/4c9360237f186681b1e3f2a0f30c45161cf405c7 | qutebrowser/browser/qutescheme.py,"SVEN CCS'23 (He&Vechev), MIT",,L3
sven/train/cwe-079/qutebrowser/browser/qutescheme.py::history_data@fix,0,cwe-079,github.com/qutebrowser/qutebrowser/commit/4c9360237f186681b1e3f2a0f30c45161cf405c7 | qutebrowser/browser/qutescheme.py | 修复版,"SVEN CCS'23 (He&Vechev), MIT",,L3
sven/train/cwe-079/djblets/util/templatetags/djblets_js.py::json_dumps@vul,1,cwe-079,github.com/djblets/djblets/commit/77a68c03cd619a0996f3f37337b8c39ca6643d6e | djblets/util/templatetags/djblets_js.py,"SVEN CCS'23 (He&Vechev), MIT",,L3
sven/train/cwe-079/djblets/util/templatetags/djblets_js.py::json_dumps@fix,0,cwe-079,github.com/djblets/djblets/commit/77a68c03cd619a0996f3f37337b8c39ca6643d6e | djblets/util/templatetags/djblets_js.py | 修复版,"SVEN CCS'23 (He&Vechev), MIT",,L3
sven/train/cwe-079/wagtail/admin/compare.py::htmlvalue@vul,1,cwe-079,github.com/wagtail/wagtail/commit/61045ceefea114c40ac4b680af58990dbe732389 | wagtail/admin/compare.py,"SVEN CCS'23 (He&Vechev), MIT",,L3
sven/train/cwe-079/wagtail/admin/compare.py::htmlvalue@fix,0,cwe-079,github.com/wagtail/wagtail/commit/61045ceefea114c40ac4b680af58990dbe732389 | wagtail/admin/compare.py | 修复版,"SVEN CCS'23 (He&Vechev), MIT",,L3
sven/train/cwe-079/djblets/gravatars/templatetags/gravatars.py::gravatar@vul,1,cwe-079,github.com/djblets/djblets/commit/77ac64642ad530bf69e390c51fc6fdcb8914c8e7 | djblets/gravatars/templatetags/gravatars.py,"SVEN CCS'23 (He&Vechev), MIT",,L3
sven/train/cwe-079/djblets/gravatars/templatetags/gravatars.py::gravatar@fix,0,cwe-079,github.com/djblets/djblets/commit/77ac64642ad530bf69e390c51fc6fdcb8914c8e7 | djblets/gravatars/templatetags/gravatars.py | 修复版,"SVEN CCS'23 (He&Vechev), MIT",,L3
sven/train/cwe-079/django/utils/http.py::is_safe_url@vul,1,cwe-079,github.com/django/django/commit/c5544d289233f501917e25970c03ed444abbd4f0 | django/utils/http.py,"SVEN CCS'23 (He&Vechev), MIT",,L3
sven/train/cwe-079/django/utils/http.py::is_safe_url@fix,0,cwe-079,github.com/django/django/commit/c5544d289233f501917e25970c03ed444abbd4f0 | django/utils/http.py | 修复版,"SVEN CCS'23 (He&Vechev), MIT",,L3
sven/train/cwe-079/app/Index/views.py::get_context_data@vul,1,cwe-079,github.com/Cheng-mq1216/production-practice/commit/333dc34f5feada55d1f6ff1255949ca00dec0f9c | app/Index/views.py,"SVEN CCS'23 (He&Vechev), MIT",,L3
sven/train/cwe-079/app/Index/views.py::get_context_data@fix,0,cwe-079,github.com/Cheng-mq1216/production-practice/commit/333dc34f5feada55d1f6ff1255949ca00dec0f9c | app/Index/views.py | 修复版,"SVEN CCS'23 (He&Vechev), MIT",,L3
sven/train/cwe-079/readthedocs/search/documents.py::simple_search@vul,1,cwe-079,github.com/readthedocs/readthedocs.org/commit/1ebe494ffde18109307f205d2bd94102452f697a | readthedocs/search/documents.py,"SVEN CCS'23 (He&Vechev), MIT",,L3
sven/train/cwe-079/readthedocs/search/documents.py::simple_search@fix,0,cwe-079,github.com/readthedocs/readthedocs.org/commit/1ebe494ffde18109307f205d2bd94102452f697a | readthedocs/search/documents.py | 修复版,"SVEN CCS'23 (He&Vechev), MIT",,L3
sven/train/cwe-079/evennia/server/portal/webclient_ajax.py::mode_receive@vul,1,cwe-079,github.com/evennia/evennia/commit/300261529b82f95414c9d1d7150d6eda4695bb93 | evennia/server/portal/webclient_ajax.py,"SVEN CCS'23 (He&Vechev), MIT",,L3
sven/train/cwe-079/evennia/server/portal/webclient_ajax.py::mode_receive@fix,0,cwe-079,github.com/evennia/evennia/commit/300261529b82f95414c9d1d7150d6eda4695bb93 | evennia/server/portal/webclient_ajax.py | 修复版,"SVEN CCS'23 (He&Vechev), MIT",,L3
sven/train/cwe-079/mistune.py::_keyify@vul,1,cwe-079,github.com/lepture/mistune/commit/5f06d724bc05580e7f203db2d4a4905fc1127f98 | mistune.py,"SVEN CCS'23 (He&Vechev), MIT",,L3
sven/train/cwe-079/mistune.py::_keyify@fix,0,cwe-079,github.com/lepture/mistune/commit/5f06d724bc05580e7f203db2d4a4905fc1127f98 | mistune.py | 修复版,"SVEN CCS'23 (He&Vechev), MIT",,L3
sven/train/cwe-079/pontoon/batch/views.py::batch_edit_translations@vul,1,cwe-079,github.com/onefork/pontoon-sr/commit/fc07ed9c68e08d41f74c078b4e7727f1a0888be8 | pontoon/batch/views.py,"SVEN CCS'23 (He&Vechev), MIT",,L3
sven/train/cwe-079/pontoon/batch/views.py::batch_edit_translations@fix,0,cwe-079,github.com/onefork/pontoon-sr/commit/fc07ed9c68e08d41f74c078b4e7727f1a0888be8 | pontoon/batch/views.py | 修复版,"SVEN CCS'23 (He&Vechev), MIT",,L3
sven/train/cwe-079/utils/make_eb_config.py::make_eb_config@vul,1,cwe-079,github.com/OkunaOrg/okuna-www-api/commit/8c40c66ea7c483a0cbda4c21940180af909aab99 | utils/make_eb_config.py,"SVEN CCS'23 (He&Vechev), MIT",,L3
sven/train/cwe-079/utils/make_eb_config.py::make_eb_config@fix,0,cwe-079,github.com/OkunaOrg/okuna-www-api/commit/8c40c66ea7c483a0cbda4c21940180af909aab99 | utils/make_eb_config.py | 修复版,"SVEN CCS'23 (He&Vechev), MIT",,L3
sven/train/cwe-079/evennia/server/portal/webclient_ajax.py::mode_keepalive@vul,1,cwe-079,github.com/evennia/evennia/commit/300261529b82f95414c9d1d7150d6eda4695bb93 | evennia/server/portal/webclient_ajax.py,"SVEN CCS'23 (He&Vechev), MIT",,L3
sven/train/cwe-079/evennia/server/portal/webclient_ajax.py::mode_keepalive@fix,0,cwe-079,github.com/evennia/evennia/commit/300261529b82f95414c9d1d7150d6eda4695bb93 | evennia/server/portal/webclient_ajax.py | 修复版,"SVEN CCS'23 (He&Vechev), MIT",,L3
sven/train/cwe-079/askbot/views/commands.py::subscribe_for_tags@vul,1,cwe-079,github.com/ASKBOT/askbot-devel/commit/a676a86b6b7a5737d4da4f59f71e037406f88d29 | askbot/views/commands.py,"SVEN CCS'23 (He&Vechev), MIT",,L3
sven/train/cwe-079/askbot/views/commands.py::subscribe_for_tags@fix,0,cwe-079,github.com/ASKBOT/askbot-devel/commit/a676a86b6b7a5737d4da4f59f71e037406f88d29 | askbot/views/commands.py | 修复版,"SVEN CCS'23 (He&Vechev), MIT",,L3
sven/train/cwe-079/lib/viewvc.py::nav_path@vul,1,cwe-079,github.com/viewvc/viewvc/commit/9dcfc7daa4c940992920d3b2fbd317da20e44aad | lib/viewvc.py,"SVEN CCS'23 (He&Vechev), MIT",,L3
sven/train/cwe-079/lib/viewvc.py::nav_path@fix,0,cwe-079,github.com/viewvc/viewvc/commit/9dcfc7daa4c940992920d3b2fbd317da20e44aad | lib/viewvc.py | 修复版,"SVEN CCS'23 (He&Vechev), MIT",,L3
sven/train/cwe-079/src/pretix/base/forms/questions.py::__init__@vul,1,cwe-079,github.com/pretix/pretix/commit/affc6254a8316643d4afe9e8b7f8cd288c86ca1f | src/pretix/base/forms/questions.py,"SVEN CCS'23 (He&Vechev), MIT",,L3
sven/train/cwe-079/src/pretix/base/forms/questions.py::__init__@fix,0,cwe-079,github.com/pretix/pretix/commit/affc6254a8316643d4afe9e8b7f8cd288c86ca1f | src/pretix/base/forms/questions.py | 修复版,"SVEN CCS'23 (He&Vechev), MIT",,L3
sven/train/cwe-079/MoinMoin/action/fckdialog.py::link_dialog@vul,1,cwe-079,github.com/moinwiki/moin-1.9/commit/70955a8eae091cc88fd9a6e510177e70289ec024 | MoinMoin/action/fckdialog.py,"SVEN CCS'23 (He&Vechev), MIT",,L3
sven/train/cwe-079/MoinMoin/action/fckdialog.py::link_dialog@fix,0,cwe-079,github.com/moinwiki/moin-1.9/commit/70955a8eae091cc88fd9a6e510177e70289ec024 | MoinMoin/action/fckdialog.py | 修复版,"SVEN CCS'23 (He&Vechev), MIT",,L3
sven/train/cwe-079/c3shop/frontpage/management/edit_user.py::action_save_user@vul,1,cwe-079,github.com/Technikradio/C3FOCSite/commit/6e330d4d44bbfdfce9993dffea97008276771600 | c3shop/frontpage/management/edit_user.py,"SVEN CCS'23 (He&Vechev), MIT",,L3
sven/train/cwe-079/c3shop/frontpage/management/edit_user.py::action_save_user@fix,0,cwe-079,github.com/Technikradio/C3FOCSite/commit/6e330d4d44bbfdfce9993dffea97008276771600 | c3shop/frontpage/management/edit_user.py | 修复版,"SVEN CCS'23 (He&Vechev), MIT",,L3
sven/train/cwe-079/CE/models.py::save@vul,1,cwe-079,github.com/stevetasticsteve/CLA_Hub/commit/a06d85cd0b0964f8469e5c4bc9a6c132aa0b4c37 | CE/models.py,"SVEN CCS'23 (He&Vechev), MIT",,L3
sven/train/cwe-079/CE/models.py::save@fix,0,cwe-079,github.com/stevetasticsteve/CLA_Hub/commit/a06d85cd0b0964f8469e5c4bc9a6c132aa0b4c37 | CE/models.py | 修复版,"SVEN CCS'23 (He&Vechev), MIT",,L3
sven/train/cwe-079/evennia/server/portal/webclient_ajax.py::mode_close@vul,1,cwe-079,github.com/evennia/evennia/commit/300261529b82f95414c9d1d7150d6eda4695bb93 | evennia/server/portal/webclient_ajax.py,"SVEN CCS'23 (He&Vechev), MIT",,L3
sven/train/cwe-079/evennia/server/portal/webclient_ajax.py::mode_close@fix,0,cwe-079,github.com/evennia/evennia/commit/300261529b82f95414c9d1d7150d6eda4695bb93 | evennia/server/portal/webclient_ajax.py | 修复版,"SVEN CCS'23 (He&Vechev), MIT",,L3
sven/train/cwe-079/app/Index/views.py::get_queryset@vul,1,cwe-079,github.com/Cheng-mq1216/production-practice/commit/333dc34f5feada55d1f6ff1255949ca00dec0f9c | app/Index/views.py,"SVEN CCS'23 (He&Vechev), MIT",,L3
sven/train/cwe-079/app/Index/views.py::get_queryset@fix,0,cwe-079,github.com/Cheng-mq1216/production-practice/commit/333dc34f5feada55d1f6ff1255949ca00dec0f9c | app/Index/views.py | 修复版,"SVEN CCS'23 (He&Vechev), MIT",,L3
sven/train/cwe-079/reviewboard/reviews/templatetags/reviewtags.py::screenshotcommentcounts@vul,1,cwe-079,github.com/reviewboard/reviewboard/commit/7a0a9d94555502278534dedcf2d75e9fccce8c3d | reviewboard/reviews/templatetags/reviewtags.py,"SVEN CCS'23 (He&Vechev), MIT",,L3
sven/train/cwe-079/reviewboard/reviews/templatetags/reviewtags.py::screenshotcommentcounts@fix,0,cwe-079,github.com/reviewboard/reviewboard/commit/7a0a9d94555502278534dedcf2d75e9fccce8c3d | reviewboard/reviews/templatetags/reviewtags.py | 修复版,"SVEN CCS'23 (He&Vechev), MIT",,L3
sven/train/cwe-079/evennia/server/portal/webclient_ajax.py::mode_input@vul,1,cwe-079,github.com/evennia/evennia/commit/300261529b82f95414c9d1d7150d6eda4695bb93 | evennia/server/portal/webclient_ajax.py,"SVEN CCS'23 (He&Vechev), MIT",,L3
sven/train/cwe-079/evennia/server/portal/webclient_ajax.py::mode_input@fix,0,cwe-079,github.com/evennia/evennia/commit/300261529b82f95414c9d1d7150d6eda4695bb93 | evennia/server/portal/webclient_ajax.py | 修复版,"SVEN CCS'23 (He&Vechev), MIT",,L3
sven/train/cwe-079/frappe/website/doctype/blog_post/blog_post.py::get_list_context@vul,1,cwe-079,github.com/omirajkar/bench_frappe/commit/2fa19c25066ed17478d683666895e3266936aee6 | frappe/website/doctype/blog_post/blog_post.py,"SVEN CCS'23 (He&Vechev), MIT",,L3
sven/train/cwe-079/frappe/website/doctype/blog_post/blog_post.py::get_list_context@fix,0,cwe-079,github.com/omirajkar/bench_frappe/commit/2fa19c25066ed17478d683666895e3266936aee6 | frappe/website/doctype/blog_post/blog_post.py | 修复版,"SVEN CCS'23 (He&Vechev), MIT",,L3
sven/train/cwe-079/evennia/server/portal/webclient_ajax.py::mode_init@vul,1,cwe-079,github.com/evennia/evennia/commit/300261529b82f95414c9d1d7150d6eda4695bb93 | evennia/server/portal/webclient_ajax.py,"SVEN CCS'23 (He&Vechev), MIT",,L3
sven/train/cwe-079/evennia/server/portal/webclient_ajax.py::mode_init@fix,0,cwe-079,github.com/evennia/evennia/commit/300261529b82f95414c9d1d7150d6eda4695bb93 | evennia/server/portal/webclient_ajax.py | 修复版,"SVEN CCS'23 (He&Vechev), MIT",,L3
sven/train/cwe-079/c3shop/frontpage/management/mediatools/media_actions.py::handle_file@vul,1,cwe-079,github.com/Technikradio/C3FOCSite/commit/6e330d4d44bbfdfce9993dffea97008276771600 | c3shop/frontpage/management/mediatools/media_actions.py,"SVEN CCS'23 (He&Vechev), MIT",,L3
sven/train/cwe-079/c3shop/frontpage/management/mediatools/media_actions.py::handle_file@fix,0,cwe-079,github.com/Technikradio/C3FOCSite/commit/6e330d4d44bbfdfce9993dffea97008276771600 | c3shop/frontpage/management/mediatools/media_actions.py | 修复版,"SVEN CCS'23 (He&Vechev), MIT",,L3
sven/train/cwe-079/reviewboard/reviews/templatetags/reviewtags.py::commentcounts@vul,1,cwe-079,github.com/reviewboard/reviewboard/commit/7a0a9d94555502278534dedcf2d75e9fccce8c3d | reviewboard/reviews/templatetags/reviewtags.py,"SVEN CCS'23 (He&Vechev), MIT",,L3
sven/train/cwe-079/reviewboard/reviews/templatetags/reviewtags.py::commentcounts@fix,0,cwe-079,github.com/reviewboard/reviewboard/commit/7a0a9d94555502278534dedcf2d75e9fccce8c3d | reviewboard/reviews/templatetags/reviewtags.py | 修复版,"SVEN CCS'23 (He&Vechev), MIT",,L3
sven/train/cwe-079/src/appengine/handlers/login.py::get@vul,1,cwe-079,github.com/google/clusterfuzz/commit/3d66c1146550eecd4e34d47332a8616b435a21fe | src/appengine/handlers/login.py,"SVEN CCS'23 (He&Vechev), MIT",,L3
sven/train/cwe-079/src/appengine/handlers/login.py::get@fix,0,cwe-079,github.com/google/clusterfuzz/commit/3d66c1146550eecd4e34d47332a8616b435a21fe | src/appengine/handlers/login.py | 修复版,"SVEN CCS'23 (He&Vechev), MIT",,L3
sven/train/cwe-079/c3shop/frontpage/management/reservation_actions.py::manipulate_reservation_action@vul,1,cwe-079,github.com/Technikradio/C3FOCSite/commit/6e330d4d44bbfdfce9993dffea97008276771600 | c3shop/frontpage/management/reservation_actions.py,"SVEN CCS'23 (He&Vechev), MIT",,L3
sven/train/cwe-079/c3shop/frontpage/management/reservation_actions.py::manipulate_reservation_action@fix,0,cwe-079,github.com/Technikradio/C3FOCSite/commit/6e330d4d44bbfdfce9993dffea97008276771600 | c3shop/frontpage/management/reservation_actions.py | 修复版,"SVEN CCS'23 (He&Vechev), MIT",,L3
sven/train/cwe-079/models/comment.py::html_content@vul,1,cwe-079,github.com/dongweiming/lyanna/commit/fcefac79e4b7601e81a3b3fe0ad26ab18ee95d7d | models/comment.py,"SVEN CCS'23 (He&Vechev), MIT",,L3
sven/train/cwe-079/models/comment.py::html_content@fix,0,cwe-079,github.com/dongweiming/lyanna/commit/fcefac79e4b7601e81a3b3fe0ad26ab18ee95d7d | models/comment.py | 修复版,"SVEN CCS'23 (He&Vechev), MIT",,L3
sven/train/cwe-079/socialsystem/core/views.py::get_context_data@vul,1,cwe-079,github.com/pirati-web/socialnisystem.cz/commit/1bd25d971ac3f9ac7ae3915cc2dd86b0ceb44b53 | socialsystem/core/views.py,"SVEN CCS'23 (He&Vechev), MIT",,L3
sven/train/cwe-079/socialsystem/core/views.py::get_context_data@fix,0,cwe-079,github.com/pirati-web/socialnisystem.cz/commit/1bd25d971ac3f9ac7ae3915cc2dd86b0ceb44b53 | socialsystem/core/views.py | 修复版,"SVEN CCS'23 (He&Vechev), MIT",,L3
sven/train/cwe-079/c3shop/frontpage/management/reservation_actions.py::add_article_action@vul,1,cwe-079,github.com/Technikradio/C3FOCSite/commit/6e330d4d44bbfdfce9993dffea97008276771600 | c3shop/frontpage/management/reservation_actions.py,"SVEN CCS'23 (He&Vechev), MIT",,L3
sven/train/cwe-079/c3shop/frontpage/management/reservation_actions.py::add_article_action@fix,0,cwe-079,github.com/Technikradio/C3FOCSite/commit/6e330d4d44bbfdfce9993dffea97008276771600 | c3shop/frontpage/management/reservation_actions.py | 修复版,"SVEN CCS'23 (He&Vechev), MIT",,L3
sven/train/cwe-089/cgi/common.py::build_board@vul,1,cwe-089,github.com/russ-lewis/ttt_-_python_cgi/commit/6096f43fd4b2d91211eec4614b7960c0816900da | cgi/common.py,"SVEN CCS'23 (He&Vechev), MIT",,L3
sven/train/cwe-089/cgi/common.py::build_board@fix,0,cwe-089,github.com/russ-lewis/ttt_-_python_cgi/commit/6096f43fd4b2d91211eec4614b7960c0816900da | cgi/common.py | 修复版,"SVEN CCS'23 (He&Vechev), MIT",,L3
sven/train/cwe-089/process_data.py::check_and_update_ranks@vul,1,cwe-089,github.com/DKelle/Smash_stats/commit/4bb83f3f6ce7d6bebbeb512cd015f9e72cf36d63 | process_data.py,"SVEN CCS'23 (He&Vechev), MIT",,L3
sven/train/cwe-089/process_data.py::check_and_update_ranks@fix,0,cwe-089,github.com/DKelle/Smash_stats/commit/4bb83f3f6ce7d6bebbeb512cd015f9e72cf36d63 | process_data.py | 修复版,"SVEN CCS'23 (He&Vechev), MIT",,L3
sven/train/cwe-089/modules/query_lastfm.py::tag_num_to_tag@vul,1,cwe-089,github.com/pukkapies/urop2019/commit/3ca2e2c291d2d5fe262d20a8e0520bdfb622432b | modules/query_lastfm.py,"SVEN CCS'23 (He&Vechev), MIT",,L3
sven/train/cwe-089/modules/query_lastfm.py::tag_num_to_tag@fix,0,cwe-089,github.com/pukkapies/urop2019/commit/3ca2e2c291d2d5fe262d20a8e0520bdfb622432b | modules/query_lastfm.py | 修复版,"SVEN CCS'23 (He&Vechev), MIT",,L3
sven/train/cwe-089/timf/api/views.py::get_item@vul,1,cwe-089,github.com/cosileone/TimeIsMoneyFriend-API/commit/3d3b5defd26ef7d205915bf643b6b1df90a15e44 | timf/api/views.py,"SVEN CCS'23 (He&Vechev), MIT",,L3
sven/train/cwe-089/timf/api/views.py::get_item@fix,0,cwe-089,github.com/cosileone/TimeIsMoneyFriend-API/commit/3d3b5defd26ef7d205915bf643b6b1df90a15e44 | timf/api/views.py | 修复版,"SVEN CCS'23 (He&Vechev), MIT",,L3
sven/train/cwe-089/modules/post.py::getPostsByPostid@vul,1,cwe-089,github.com/ShaominLi/Twitter_project/commit/5329d91f9e569c95184053c8e7ef596949c33ce9 | modules/post.py,"SVEN CCS'23 (He&Vechev), MIT",,L3
sven/train/cwe-089/modules/post.py::getPostsByPostid@fix,0,cwe-089,github.com/ShaominLi/Twitter_project/commit/5329d91f9e569c95184053c8e7ef596949c33ce9 | modules/post.py | 修复版,"SVEN CCS'23 (He&Vechev), MIT",,L3
sven/train/cwe-089/file_db.py::getFileCacheID@vul,1,cwe-089,github.com/Highstaker/Picture-sender-telegram-bot/commit/db4bc6adb41e086418761426ff4958a81c30adca | file_db.py,"SVEN CCS'23 (He&Vechev), MIT",,L3
sven/train/cwe-089/file_db.py::getFileCacheID@fix,0,cwe-089,github.com/Highstaker/Picture-sender-telegram-bot/commit/db4bc6adb41e086418761426ff4958a81c30adca | file_db.py | 修复版,"SVEN CCS'23 (He&Vechev), MIT",,L3
sven/train/cwe-089/vagrant/forum/forumdb.py::add_post@vul,1,cwe-089,github.com/tfalbo/SuzyMakeup/commit/1a5d6ccf02bec303d454f87a6bb39baed30c205f | vagrant/forum/forumdb.py,"SVEN CCS'23 (He&Vechev), MIT",,L3
sven/train/cwe-089/vagrant/forum/forumdb.py::add_post@fix,0,cwe-089,github.com/tfalbo/SuzyMakeup/commit/1a5d6ccf02bec303d454f87a6bb39baed30c205f | vagrant/forum/forumdb.py | 修复版,"SVEN CCS'23 (He&Vechev), MIT",,L3
sven/train/cwe-089/CheckAndPostForSeriesSubmissions.py::getSubmissionDateFromDatabase@vul,1,cwe-089,github.com/LiquidFun/Reddit-GeoGuessr-Tracking-Bot/commit/0cad2d52e24b05da32789fbc8face7a9999a71f9 | CheckAndPostForSeriesSubmissions.py,"SVEN CCS'23 (He&Vechev), MIT",,L3
sven/train/cwe-089/CheckAndPostForSeriesSubmissions.py::getSubmissionDateFromDatabase@fix,0,cwe-089,github.com/LiquidFun/Reddit-GeoGuessr-Tracking-Bot/commit/0cad2d52e24b05da32789fbc8face7a9999a71f9 | CheckAndPostForSeriesSubmissions.py | 修复版,"SVEN CCS'23 (He&Vechev), MIT",,L3
sven/train/cwe-089/endpoints.py::ranks@vul,1,cwe-089,github.com/DKelle/Smash_stats/commit/4bb83f3f6ce7d6bebbeb512cd015f9e72cf36d63 | endpoints.py,"SVEN CCS'23 (He&Vechev), MIT",,L3
sven/train/cwe-089/endpoints.py::ranks@fix,0,cwe-089,github.com/DKelle/Smash_stats/commit/4bb83f3f6ce7d6bebbeb512cd015f9e72cf36d63 | endpoints.py | 修复版,"SVEN CCS'23 (He&Vechev), MIT",,L3
sven/train/cwe-089/photogpsbot/users.py::set_language@vul,1,cwe-089,github.com/RandyRomero/photoGPSbot/commit/0e9f57f13e61863b3672f5730e27f149da00786a | photogpsbot/users.py,"SVEN CCS'23 (He&Vechev), MIT",,L3
sven/train/cwe-089/photogpsbot/users.py::set_language@fix,0,cwe-089,github.com/RandyRomero/photoGPSbot/commit/0e9f57f13e61863b3672f5730e27f149da00786a | photogpsbot/users.py | 修复版,"SVEN CCS'23 (He&Vechev), MIT",,L3
sven/train/cwe-089/modules/query_lastfm.py::tid_num_to_tag_nums@vul,1,cwe-089,github.com/pukkapies/urop2019/commit/3ca2e2c291d2d5fe262d20a8e0520bdfb622432b | modules/query_lastfm.py,"SVEN CCS'23 (He&Vechev), MIT",,L3
sven/train/cwe-089/modules/query_lastfm.py::tid_num_to_tag_nums@fix,0,cwe-089,github.com/pukkapies/urop2019/commit/3ca2e2c291d2d5fe262d20a8e0520bdfb622432b | modules/query_lastfm.py | 修复版,"SVEN CCS'23 (He&Vechev), MIT",,L3
sven/train/cwe-089/src/tech_track.py::summary@vul,1,cwe-089,github.com/CaitlinKennedy/Tech-Track/commit/20ef2d4010f9497b8221524edd0c706e2c6a4147 | src/tech_track.py,"SVEN CCS'23 (He&Vechev), MIT",,L3
sven/train/cwe-089/src/tech_track.py::summary@fix,0,cwe-089,github.com/CaitlinKennedy/Tech-Track/commit/20ef2d4010f9497b8221524edd0c706e2c6a4147 | src/tech_track.py | 修复版,"SVEN CCS'23 (He&Vechev), MIT",,L3
sven/train/cwe-089/forumdb.py::add_post@vul,1,cwe-089,github.com/paulc1600/DB-API-Forum/commit/069700fb4beec79182fff3c556e9cccce3230d6f | forumdb.py,"SVEN CCS'23 (He&Vechev), MIT",,L3
sven/train/cwe-089/forumdb.py::add_post@fix,0,cwe-089,github.com/paulc1600/DB-API-Forum/commit/069700fb4beec79182fff3c556e9cccce3230d6f | forumdb.py | 修复版,"SVEN CCS'23 (He&Vechev), MIT",,L3
sven/train/cwe-089/playlist/playlist_repository.py::delete_playlist@vul,1,cwe-089,github.com/Madmous/playlist/commit/666e52c5f0b8c1f4296e84471637033d9542a7a6 | playlist/playlist_repository.py,"SVEN CCS'23 (He&Vechev), MIT",,L3
sven/train/cwe-089/playlist/playlist_repository.py::delete_playlist@fix,0,cwe-089,github.com/Madmous/playlist/commit/666e52c5f0b8c1f4296e84471637033d9542a7a6 | playlist/playlist_repository.py | 修复版,"SVEN CCS'23 (He&Vechev), MIT",,L3
sven/train/cwe-089/beta/database.py::writeToDb@vul,1,cwe-089,github.com/jappe999/WebScraper/commit/46a4e0843aa44d903293637afad53dfcbc37b480 | beta/database.py,"SVEN CCS'23 (He&Vechev), MIT",,L3
sven/train/cwe-089/beta/database.py::writeToDb@fix,0,cwe-089,github.com/jappe999/WebScraper/commit/46a4e0843aa44d903293637afad53dfcbc37b480 | beta/database.py | 修复版,"SVEN CCS'23 (He&Vechev), MIT",,L3
sven/train/cwe-089/erpnext/templates/utils.py::send_message@vul,1,cwe-089,github.com/libracore/erpnext/commit/9acb885e60f77cd4e9ea8c98bdc39c18abcac731 | erpnext/templates/utils.py,"SVEN CCS'23 (He&Vechev), MIT",,L3
sven/train/cwe-089/erpnext/templates/utils.py::send_message@fix,0,cwe-089,github.com/libracore/erpnext/commit/9acb885e60f77cd4e9ea8c98bdc39c18abcac731 | erpnext/templates/utils.py | 修复版,"SVEN CCS'23 (He&Vechev), MIT",,L3
sven/train/cwe-089/apis/admins.py::delete@vul,1,cwe-089,github.com/sgosal2/tiger-boards-backend/commit/4670109dd613df2f2fe7e8403ebd149df2b55485 | apis/admins.py,"SVEN CCS'23 (He&Vechev), MIT",,L3
sven/train/cwe-089/apis/admins.py::delete@fix,0,cwe-089,github.com/sgosal2/tiger-boards-backend/commit/4670109dd613df2f2fe7e8403ebd149df2b55485 | apis/admins.py | 修复版,"SVEN CCS'23 (He&Vechev), MIT",,L3
sven/train/cwe-089/video/video_repository.py::delete_playlists_videos@vul,1,cwe-089,github.com/Madmous/playlist/commit/666e52c5f0b8c1f4296e84471637033d9542a7a6 | video/video_repository.py,"SVEN CCS'23 (He&Vechev), MIT",,L3
sven/train/cwe-089/video/video_repository.py::delete_playlists_videos@fix,0,cwe-089,github.com/Madmous/playlist/commit/666e52c5f0b8c1f4296e84471637033d9542a7a6 | video/video_repository.py | 修复版,"SVEN CCS'23 (He&Vechev), MIT",,L3
sven/train/cwe-089/server/models/postgis/user.py::upsert_mapped_projects@vul,1,cwe-089,github.com/hotosm/tasking-manager/commit/dee040a2d22b3c4d5e38e2dbf8c6b651ad4c241a | server/models/postgis/user.py,"SVEN CCS'23 (He&Vechev), MIT",,L3
sven/train/cwe-089/server/models/postgis/user.py::upsert_mapped_projects@fix,0,cwe-089,github.com/hotosm/tasking-manager/commit/dee040a2d22b3c4d5e38e2dbf8c6b651ad4c241a | server/models/postgis/user.py | 修复版,"SVEN CCS'23 (He&Vechev), MIT",,L3
sven/train/cwe-089/bracket_utils.py::get_first_ranked_month@vul,1,cwe-089,github.com/DKelle/Smash_stats/commit/4bb83f3f6ce7d6bebbeb512cd015f9e72cf36d63 | bracket_utils.py,"SVEN CCS'23 (He&Vechev), MIT",,L3
sven/train/cwe-089/bracket_utils.py::get_first_ranked_month@fix,0,cwe-089,github.com/DKelle/Smash_stats/commit/4bb83f3f6ce7d6bebbeb512cd015f9e72cf36d63 | bracket_utils.py | 修复版,"SVEN CCS'23 (He&Vechev), MIT",,L3
sven/train/cwe-089/plugins/poll.py::openPoll@vul,1,cwe-089,github.com/FrozenPigs/Taigabot/commit/ea9b83a66ae1f0f38a1895f3e8dfa2833d77e3a6 | plugins/poll.py,"SVEN CCS'23 (He&Vechev), MIT",,L3
sven/train/cwe-089/plugins/poll.py::openPoll@fix,0,cwe-089,github.com/FrozenPigs/Taigabot/commit/ea9b83a66ae1f0f38a1895f3e8dfa2833d77e3a6 | plugins/poll.py | 修复版,"SVEN CCS'23 (He&Vechev), MIT",,L3
sven/train/cwe-089/mealPlan.py::__init__.view_grocery_list@vul,1,cwe-089,github.com/trishamoyer/RecipePlanner-Python/commit/44d2ce370715d9344fad34b3b749322ab095a925 | mealPlan.py,"SVEN CCS'23 (He&Vechev), MIT",,L3
sven/train/cwe-089/mealPlan.py::__init__.view_grocery_list@fix,0,cwe-089,github.com/trishamoyer/RecipePlanner-Python/commit/44d2ce370715d9344fad34b3b749322ab095a925 | mealPlan.py | 修复版,"SVEN CCS'23 (He&Vechev), MIT",,L3
sven/train/cwe-089/server.py::view_page_record@vul,1,cwe-089,github.com/Pumala/python_wiki_app_redo/commit/65d60747cd8efb05970304234d3bd949d2088e8b | server.py,"SVEN CCS'23 (He&Vechev), MIT",,L3
sven/train/cwe-089/server.py::view_page_record@fix,0,cwe-089,github.com/Pumala/python_wiki_app_redo/commit/65d60747cd8efb05970304234d3bd949d2088e8b | server.py | 修复版,"SVEN CCS'23 (He&Vechev), MIT",,L3
sven/train/cwe-089/util/database.py::update_inverter@vul,1,cwe-089,github.com/philipptrenz/s0-bridge/commit/269b48caa05377b7c58c3e6d1622a4429cb5ba65 | util/database.py,"SVEN CCS'23 (He&Vechev), MIT",,L3
sven/train/cwe-089/util/database.py::update_inverter@fix,0,cwe-089,github.com/philipptrenz/s0-bridge/commit/269b48caa05377b7c58c3e6d1622a4429cb5ba65 | util/database.py | 修复版,"SVEN CCS'23 (He&Vechev), MIT",,L3
sven/train/cwe-089/db.py::insert@vul,1,cwe-089,github.com/tadaren/reply_bot/commit/5aeafa7e9597a766992af9ff8189e1f050b6579b | db.py,"SVEN CCS'23 (He&Vechev), MIT",,L3
sven/train/cwe-089/db.py::insert@fix,0,cwe-089,github.com/tadaren/reply_bot/commit/5aeafa7e9597a766992af9ff8189e1f050b6579b | db.py | 修复版,"SVEN CCS'23 (He&Vechev), MIT",,L3
sven/train/cwe-089/backend/transactions/TransactionConnector.py::save_failure_transaction@vul,1,cwe-089,github.com/JLucka/kickstarter-dev/commit/e2ffa062697e060fdfbd2eccbb89a8c53a569e0b | backend/transactions/TransactionConnector.py,"SVEN CCS'23 (He&Vechev), MIT",,L3
sven/train/cwe-089/backend/transactions/TransactionConnector.py::save_failure_transaction@fix,0,cwe-089,github.com/JLucka/kickstarter-dev/commit/e2ffa062697e060fdfbd2eccbb89a8c53a569e0b | backend/transactions/TransactionConnector.py | 修复版,"SVEN CCS'23 (He&Vechev), MIT",,L3
sven/train/cwe-089/tests.py::test_process_as_form@vul,1,cwe-089,github.com/confirmationbias616/certificate_checker/commit/9e890b9613b627e3a5995d0e4a594c8e0831e2ce | tests.py,"SVEN CCS'23 (He&Vechev), MIT",,L3
sven/train/cwe-089/tests.py::test_process_as_form@fix,0,cwe-089,github.com/confirmationbias616/certificate_checker/commit/9e890b9613b627e3a5995d0e4a594c8e0831e2ce | tests.py | 修复版,"SVEN CCS'23 (He&Vechev), MIT",,L3
sven/train/cwe-089/server.py::render_page_name@vul,1,cwe-089,github.com/Pumala/python_wiki_app_redo/commit/65d60747cd8efb05970304234d3bd949d2088e8b | server.py,"SVEN CCS'23 (He&Vechev), MIT",,L3
sven/train/cwe-089/server.py::render_page_name@fix,0,cwe-089,github.com/Pumala/python_wiki_app_redo/commit/65d60747cd8efb05970304234d3bd949d2088e8b | server.py | 修复版,"SVEN CCS'23 (He&Vechev), MIT",,L3
sven/train/cwe-089/modules/query_lastfm.py::tid_to_tid_num@vul,1,cwe-089,github.com/pukkapies/urop2019/commit/3ca2e2c291d2d5fe262d20a8e0520bdfb622432b | modules/query_lastfm.py,"SVEN CCS'23 (He&Vechev), MIT",,L3
sven/train/cwe-089/modules/query_lastfm.py::tid_to_tid_num@fix,0,cwe-089,github.com/pukkapies/urop2019/commit/3ca2e2c291d2d5fe262d20a8e0520bdfb622432b | modules/query_lastfm.py | 修复版,"SVEN CCS'23 (He&Vechev), MIT",,L3
sven/train/cwe-089/bin/solrcheckup.py::get_old_sourcebyinstitution_number@vul,1,cwe-089,github.com/miku/siskin/commit/7fa398d2fea72bf2e8b4808f75df4b3d35ae959a | bin/solrcheckup.py,"SVEN CCS'23 (He&Vechev), MIT",,L3
sven/train/cwe-089/bin/solrcheckup.py::get_old_sourcebyinstitution_number@fix,0,cwe-089,github.com/miku/siskin/commit/7fa398d2fea72bf2e8b4808f75df4b3d35ae959a | bin/solrcheckup.py | 修复版,"SVEN CCS'23 (He&Vechev), MIT",,L3
sven/train/cwe-089/sopel_modules/karma/karma.py::top_karma@vul,1,cwe-089,github.com/OpCode1300/sopel-karma/commit/e4d49f7b3d88f8874c7862392f3f4c2065a25695 | sopel_modules/karma/karma.py,"SVEN CCS'23 (He&Vechev), MIT",,L3
sven/train/cwe-089/sopel_modules/karma/karma.py::top_karma@fix,0,cwe-089,github.com/OpCode1300/sopel-karma/commit/e4d49f7b3d88f8874c7862392f3f4c2065a25695 | sopel_modules/karma/karma.py | 修复版,"SVEN CCS'23 (He&Vechev), MIT",,L3
sven/train/cwe-089/playlist/playlist_repository.py::retrieve_playlist_by_id@vul,1,cwe-089,github.com/Madmous/playlist/commit/666e52c5f0b8c1f4296e84471637033d9542a7a6 | playlist/playlist_repository.py,"SVEN CCS'23 (He&Vechev), MIT",,L3
sven/train/cwe-089/playlist/playlist_repository.py::retrieve_playlist_by_id@fix,0,cwe-089,github.com/Madmous/playlist/commit/666e52c5f0b8c1f4296e84471637033d9542a7a6 | playlist/playlist_repository.py | 修复版,"SVEN CCS'23 (He&Vechev), MIT",,L3
sven/train/cwe-089/bot.py::get_task@vul,1,cwe-089,github.com/lissrbay/codeforces_bot/commit/cc7f5143445a0030b1149ac60a65b1b1b9c92a90 | bot.py,"SVEN CCS'23 (He&Vechev), MIT",,L3
sven/train/cwe-089/bot.py::get_task@fix,0,cwe-089,github.com/lissrbay/codeforces_bot/commit/cc7f5143445a0030b1149ac60a65b1b1b9c92a90 | bot.py | 修复版,"SVEN CCS'23 (He&Vechev), MIT",,L3
sven/train/cwe-089/bot.py::stats@vul,1,cwe-089,github.com/lissrbay/codeforces_bot/commit/cc7f5143445a0030b1149ac60a65b1b1b9c92a90 | bot.py,"SVEN CCS'23 (He&Vechev), MIT",,L3
sven/train/cwe-089/bot.py::stats@fix,0,cwe-089,github.com/lissrbay/codeforces_bot/commit/cc7f5143445a0030b1149ac60a65b1b1b9c92a90 | bot.py | 修复版,"SVEN CCS'23 (He&Vechev), MIT",,L3
sven/train/cwe-089/apis/users.py::delete@vul,1,cwe-089,github.com/sgosal2/tiger-boards-backend/commit/4670109dd613df2f2fe7e8403ebd149df2b55485 | apis/users.py,"SVEN CCS'23 (He&Vechev), MIT",,L3
sven/train/cwe-089/apis/users.py::delete@fix,0,cwe-089,github.com/sgosal2/tiger-boards-backend/commit/4670109dd613df2f2fe7e8403ebd149df2b55485 | apis/users.py | 修复版,"SVEN CCS'23 (He&Vechev), MIT",,L3
sven/train/cwe-089/book_rides/book_rides.py::verify_rno@vul,1,cwe-089,github.com/kenboo98/291-Mini-Project-I/commit/3080ccb687c79c83954ce703faee8fcceec8c9eb | book_rides/book_rides.py,"SVEN CCS'23 (He&Vechev), MIT",,L3
sven/train/cwe-089/book_rides/book_rides.py::verify_rno@fix,0,cwe-089,github.com/kenboo98/291-Mini-Project-I/commit/3080ccb687c79c83954ce703faee8fcceec8c9eb | book_rides/book_rides.py | 修复版,"SVEN CCS'23 (He&Vechev), MIT",,L3
sven/train/cwe-089/util/database.py::get_requested_day@vul,1,cwe-089,github.com/philipptrenz/sunportal/commit/7eef493a168ed4e6731ff800713bfb8aee99a506 | util/database.py,"SVEN CCS'23 (He&Vechev), MIT",,L3
sven/train/cwe-089/util/database.py::get_requested_day@fix,0,cwe-089,github.com/philipptrenz/sunportal/commit/7eef493a168ed4e6731ff800713bfb8aee99a506 | util/database.py | 修复版,"SVEN CCS'23 (He&Vechev), MIT",,L3
sven/train/cwe-089/app.py::add_language@vul,1,cwe-089,github.com/Elbertbiggs360/dvdrental/commit/ad144ae2a08a332498d0831bc255170d57ba754b | app.py,"SVEN CCS'23 (He&Vechev), MIT",,L3
sven/train/cwe-089/app.py::add_language@fix,0,cwe-089,github.com/Elbertbiggs360/dvdrental/commit/ad144ae2a08a332498d0831bc255170d57ba754b | app.py | 修复版,"SVEN CCS'23 (He&Vechev), MIT",,L3
sven/train/cwe-089/plugins/database.py::makeJudge@vul,1,cwe-089,github.com/iScrE4m/XLeague/commit/59cab6e5fd8bd5e47f2418a7c71cb1d4e3cad0d2 | plugins/database.py,"SVEN CCS'23 (He&Vechev), MIT",,L3
sven/train/cwe-089/plugins/database.py::makeJudge@fix,0,cwe-089,github.com/iScrE4m/XLeague/commit/59cab6e5fd8bd5e47f2418a7c71cb1d4e3cad0d2 | plugins/database.py | 修复版,"SVEN CCS'23 (He&Vechev), MIT",,L3
sven/train/cwe-089/database.py::isValidAdmToken@vul,1,cwe-089,github.com/FAUSheppy/simple-python-poll/commit/186c5ff5cdf58272e253a1bb432419ee50d93109 | database.py,"SVEN CCS'23 (He&Vechev), MIT",,L3
sven/train/cwe-089/database.py::isValidAdmToken@fix,0,cwe-089,github.com/FAUSheppy/simple-python-poll/commit/186c5ff5cdf58272e253a1bb432419ee50d93109 | database.py | 修复版,"SVEN CCS'23 (He&Vechev), MIT",,L3
sven/train/cwe-089/server/models/postgis/user.py::get_mapped_projects@vul,1,cwe-089,github.com/hotosm/tasking-manager/commit/dee040a2d22b3c4d5e38e2dbf8c6b651ad4c241a | server/models/postgis/user.py,"SVEN CCS'23 (He&Vechev), MIT",,L3
sven/train/cwe-089/server/models/postgis/user.py::get_mapped_projects@fix,0,cwe-089,github.com/hotosm/tasking-manager/commit/dee040a2d22b3c4d5e38e2dbf8c6b651ad4c241a | server/models/postgis/user.py | 修复版,"SVEN CCS'23 (He&Vechev), MIT",,L3
sven/train/cwe-089/cheshire3/sql/postgresStore.py::delete_data@vul,1,cwe-089,github.com/cheshire3/cheshire3/commit/d350363b4ea10f102c24c8f26d7b76b006323e8e | cheshire3/sql/postgresStore.py,"SVEN CCS'23 (He&Vechev), MIT",,L3
sven/train/cwe-089/cheshire3/sql/postgresStore.py::delete_data@fix,0,cwe-089,github.com/cheshire3/cheshire3/commit/d350363b4ea10f102c24c8f26d7b76b006323e8e | cheshire3/sql/postgresStore.py | 修复版,"SVEN CCS'23 (He&Vechev), MIT",,L3
sven/train/cwe-089/Web-app/User.py::user_verify@vul,1,cwe-089,github.com/Daniel-Bu/w4111-project1/commit/fe04bedc72e62fd4c4ee046a9af29fd81e9b3340 | Web-app/User.py,"SVEN CCS'23 (He&Vechev), MIT",,L3
sven/train/cwe-089/Web-app/User.py::user_verify@fix,0,cwe-089,github.com/Daniel-Bu/w4111-project1/commit/fe04bedc72e62fd4c4ee046a9af29fd81e9b3340 | Web-app/User.py | 修复版,"SVEN CCS'23 (He&Vechev), MIT",,L3
sven/train/cwe-089/app.py::search_films@vul,1,cwe-089,github.com/Elbertbiggs360/dvdrental/commit/ad144ae2a08a332498d0831bc255170d57ba754b | app.py,"SVEN CCS'23 (He&Vechev), MIT",,L3
sven/train/cwe-089/app.py::search_films@fix,0,cwe-089,github.com/Elbertbiggs360/dvdrental/commit/ad144ae2a08a332498d0831bc255170d57ba754b | app.py | 修复版,"SVEN CCS'23 (He&Vechev), MIT",,L3
sven/train/cwe-089/CheckAndPostForSeriesSubmissions.py::getGameCountInSeriesSoFar@vul,1,cwe-089,github.com/LiquidFun/Reddit-GeoGuessr-Tracking-Bot/commit/0cad2d52e24b05da32789fbc8face7a9999a71f9 | CheckAndPostForSeriesSubmissions.py,"SVEN CCS'23 (He&Vechev), MIT",,L3
sven/train/cwe-089/CheckAndPostForSeriesSubmissions.py::getGameCountInSeriesSoFar@fix,0,cwe-089,github.com/LiquidFun/Reddit-GeoGuessr-Tracking-Bot/commit/0cad2d52e24b05da32789fbc8face7a9999a71f9 | CheckAndPostForSeriesSubmissions.py | 修复版,"SVEN CCS'23 (He&Vechev), MIT",,L3
sven/train/cwe-089/flaskr/flaskr/views/comment.py::add@vul,1,cwe-089,github.com/ulyssetsd/bjtu-sql/commit/17d7b21864b72ba5666f15236474a93268b32ec9 | flaskr/flaskr/views/comment.py,"SVEN CCS'23 (He&Vechev), MIT",,L3
sven/train/cwe-089/flaskr/flaskr/views/comment.py::add@fix,0,cwe-089,github.com/ulyssetsd/bjtu-sql/commit/17d7b21864b72ba5666f15236474a93268b32ec9 | flaskr/flaskr/views/comment.py | 修复版,"SVEN CCS'23 (He&Vechev), MIT",,L3
sven/train/cwe-089/components/model.py::get_mod_taken_together_with@vul,1,cwe-089,github.com/nus-mtp/cs-modify/commit/79b4b1dd7eba5445751808e4c50b49d2dd08366b | components/model.py,"SVEN CCS'23 (He&Vechev), MIT",,L3
sven/train/cwe-089/components/model.py::get_mod_taken_together_with@fix,0,cwe-089,github.com/nus-mtp/cs-modify/commit/79b4b1dd7eba5445751808e4c50b49d2dd08366b | components/model.py | 修复版,"SVEN CCS'23 (He&Vechev), MIT",,L3
sven/train/cwe-089/endpoints.py::wins@vul,1,cwe-089,github.com/DKelle/Smash_stats/commit/4bb83f3f6ce7d6bebbeb512cd015f9e72cf36d63 | endpoints.py,"SVEN CCS'23 (He&Vechev), MIT",,L3
sven/train/cwe-089/endpoints.py::wins@fix,0,cwe-089,github.com/DKelle/Smash_stats/commit/4bb83f3f6ce7d6bebbeb512cd015f9e72cf36d63 | endpoints.py | 修复版,"SVEN CCS'23 (He&Vechev), MIT",,L3
sven/train/cwe-089/db/dbase.py::delete_event@vul,1,cwe-089,github.com/jgayfer/spirit/commit/01c846c534c8d3cf6763f8b7444a0efe2caa3799 | db/dbase.py,"SVEN CCS'23 (He&Vechev), MIT",,L3
sven/train/cwe-089/db/dbase.py::delete_event@fix,0,cwe-089,github.com/jgayfer/spirit/commit/01c846c534c8d3cf6763f8b7444a0efe2caa3799 | db/dbase.py | 修复版,"SVEN CCS'23 (He&Vechev), MIT",,L3
sven/train/cwe-089/ecosldb/ecosldb.py::add_item@vul,1,cwe-089,github.com/ecosl-developers/ecosl/commit/8af050a513338bf68ff2a243e4a2482d24e9aa3a | ecosldb/ecosldb.py,"SVEN CCS'23 (He&Vechev), MIT",,L3
sven/train/cwe-089/ecosldb/ecosldb.py::add_item@fix,0,cwe-089,github.com/ecosl-developers/ecosl/commit/8af050a513338bf68ff2a243e4a2482d24e9aa3a | ecosldb/ecosldb.py | 修复版,"SVEN CCS'23 (He&Vechev), MIT",,L3
sven/train/cwe-089/server/server.py::fetch_issue@vul,1,cwe-089,github.com/nutty7t/tissue/commit/306dd094749bb39cbd5c74a6ded3d3b191033061 | server/server.py,"SVEN CCS'23 (He&Vechev), MIT",,L3
sven/train/cwe-089/server/server.py::fetch_issue@fix,0,cwe-089,github.com/nutty7t/tissue/commit/306dd094749bb39cbd5c74a6ded3d3b191033061 | server/server.py | 修复版,"SVEN CCS'23 (He&Vechev), MIT",,L3
sven/train/cwe-089/KarmaBoi/dbopts.py::also_add@vul,1,cwe-089,github.com/tylarb/KarmaBoi-PCF/commit/c1d00a27d7f6b7eb6f15a3dacd4269654a32c10a | KarmaBoi/dbopts.py,"SVEN CCS'23 (He&Vechev), MIT",,L3
sven/train/cwe-089/KarmaBoi/dbopts.py::also_add@fix,0,cwe-089,github.com/tylarb/KarmaBoi-PCF/commit/c1d00a27d7f6b7eb6f15a3dacd4269654a32c10a | KarmaBoi/dbopts.py | 修复版,"SVEN CCS'23 (He&Vechev), MIT",,L3
sven/train/cwe-089/modules/comment.py::getCommentsLike@vul,1,cwe-089,github.com/ShaominLi/Twitter_project/commit/5329d91f9e569c95184053c8e7ef596949c33ce9 | modules/comment.py,"SVEN CCS'23 (He&Vechev), MIT",,L3
sven/train/cwe-089/modules/comment.py::getCommentsLike@fix,0,cwe-089,github.com/ShaominLi/Twitter_project/commit/5329d91f9e569c95184053c8e7ef596949c33ce9 | modules/comment.py | 修复版,"SVEN CCS'23 (He&Vechev), MIT",,L3
sven/train/cwe-089/bases/update.py::update_theory_base@vul,1,cwe-089,github.com/lissrbay/codeforces_bot/commit/cc7f5143445a0030b1149ac60a65b1b1b9c92a90 | bases/update.py,"SVEN CCS'23 (He&Vechev), MIT",,L3
sven/train/cwe-089/bases/update.py::update_theory_base@fix,0,cwe-089,github.com/lissrbay/codeforces_bot/commit/cc7f5143445a0030b1149ac60a65b1b1b9c92a90 | bases/update.py | 修复版,"SVEN CCS'23 (He&Vechev), MIT",,L3
sven/train/cwe-089/api.py::get_asset_and_volume@vul,1,cwe-089,github.com/VinChain/vinchain-python-api-backend/commit/b78088a551fbb712121269c6eb7f43ede120ff60 | api.py,"SVEN CCS'23 (He&Vechev), MIT",,L3
sven/train/cwe-089/api.py::get_asset_and_volume@fix,0,cwe-089,github.com/VinChain/vinchain-python-api-backend/commit/b78088a551fbb712121269c6eb7f43ede120ff60 | api.py | 修复版,"SVEN CCS'23 (He&Vechev), MIT",,L3
sven/train/cwe-089/tournament.py::reportMatch@vul,1,cwe-089,github.com/tdnelson2/tournament-db/commit/00f3caeed0e12e806c2808d100908698777d9e98 | tournament.py,"SVEN CCS'23 (He&Vechev), MIT",,L3
sven/train/cwe-089/tournament.py::reportMatch@fix,0,cwe-089,github.com/tdnelson2/tournament-db/commit/00f3caeed0e12e806c2808d100908698777d9e98 | tournament.py | 修复版,"SVEN CCS'23 (He&Vechev), MIT",,L3
sven/train/cwe-089/plugins/database.py::getPlayer@vul,1,cwe-089,github.com/iScrE4m/XLeague/commit/59cab6e5fd8bd5e47f2418a7c71cb1d4e3cad0d2 | plugins/database.py,"SVEN CCS'23 (He&Vechev), MIT",,L3
sven/train/cwe-089/plugins/database.py::getPlayer@fix,0,cwe-089,github.com/iScrE4m/XLeague/commit/59cab6e5fd8bd5e47f2418a7c71cb1d4e3cad0d2 | plugins/database.py | 修复版,"SVEN CCS'23 (He&Vechev), MIT",,L3
sven/train/cwe-089/KarmaBoi/dbopts.py::karma_sub@vul,1,cwe-089,github.com/tylarb/KarmaBoi-PCF/commit/c1d00a27d7f6b7eb6f15a3dacd4269654a32c10a | KarmaBoi/dbopts.py,"SVEN CCS'23 (He&Vechev), MIT",,L3
sven/train/cwe-089/KarmaBoi/dbopts.py::karma_sub@fix,0,cwe-089,github.com/tylarb/KarmaBoi-PCF/commit/c1d00a27d7f6b7eb6f15a3dacd4269654a32c10a | KarmaBoi/dbopts.py | 修复版,"SVEN CCS'23 (He&Vechev), MIT",,L3
sven/train/cwe-089/app.py::login@vul,1,cwe-089,github.com/ChemiKyle/Waterspots/commit/3f9d5099496336f3f34c48abf0cf55acaaa29011 | app.py,"SVEN CCS'23 (He&Vechev), MIT",,L3
sven/train/cwe-089/app.py::login@fix,0,cwe-089,github.com/ChemiKyle/Waterspots/commit/3f9d5099496336f3f34c48abf0cf55acaaa29011 | app.py | 修复版,"SVEN CCS'23 (He&Vechev), MIT",,L3
sven/train/cwe-089/cheshire3/sql/postgresStore.py::fetch_data@vul,1,cwe-089,github.com/cheshire3/cheshire3/commit/d350363b4ea10f102c24c8f26d7b76b006323e8e | cheshire3/sql/postgresStore.py,"SVEN CCS'23 (He&Vechev), MIT",,L3
sven/train/cwe-089/cheshire3/sql/postgresStore.py::fetch_data@fix,0,cwe-089,github.com/cheshire3/cheshire3/commit/d350363b4ea10f102c24c8f26d7b76b006323e8e | cheshire3/sql/postgresStore.py | 修复版,"SVEN CCS'23 (He&Vechev), MIT",,L3
sven/train/cwe-089/tournament.py::registerPlayer@vul,1,cwe-089,github.com/sarahkcaplan/tournament/commit/40aba5686059f5f398f6323b1483412c56140cc0 | tournament.py,"SVEN CCS'23 (He&Vechev), MIT",,L3
sven/train/cwe-089/tournament.py::registerPlayer@fix,0,cwe-089,github.com/sarahkcaplan/tournament/commit/40aba5686059f5f398f6323b1483412c56140cc0 | tournament.py | 修复版,"SVEN CCS'23 (He&Vechev), MIT",,L3
sven/train/cwe-089/flaskr/flaskr/views/users.py::register@vul,1,cwe-089,github.com/ulyssetsd/bjtu-sql/commit/17d7b21864b72ba5666f15236474a93268b32ec9 | flaskr/flaskr/views/users.py,"SVEN CCS'23 (He&Vechev), MIT",,L3
sven/train/cwe-089/flaskr/flaskr/views/users.py::register@fix,0,cwe-089,github.com/ulyssetsd/bjtu-sql/commit/17d7b21864b72ba5666f15236474a93268b32ec9 | flaskr/flaskr/views/users.py | 修复版,"SVEN CCS'23 (He&Vechev), MIT",,L3
sven/train/cwe-089/cgi/move.py::process_form@vul,1,cwe-089,github.com/russ-lewis/ttt_-_python_cgi/commit/6096f43fd4b2d91211eec4614b7960c0816900da | cgi/move.py,"SVEN CCS'23 (He&Vechev), MIT",,L3
sven/train/cwe-089/cgi/move.py::process_form@fix,0,cwe-089,github.com/russ-lewis/ttt_-_python_cgi/commit/6096f43fd4b2d91211eec4614b7960c0816900da | cgi/move.py | 修复版,"SVEN CCS'23 (He&Vechev), MIT",,L3
sven/train/cwe-089/Web-app/Server.py::load_user@vul,1,cwe-089,github.com/Daniel-Bu/w4111-project1/commit/fe04bedc72e62fd4c4ee046a9af29fd81e9b3340 | Web-app/Server.py,"SVEN CCS'23 (He&Vechev), MIT",,L3
sven/train/cwe-089/Web-app/Server.py::load_user@fix,0,cwe-089,github.com/Daniel-Bu/w4111-project1/commit/fe04bedc72e62fd4c4ee046a9af29fd81e9b3340 | Web-app/Server.py | 修复版,"SVEN CCS'23 (He&Vechev), MIT",,L3
sven/train/cwe-089/flaskr/flaskr/views/comment.py::delete@vul,1,cwe-089,github.com/ulyssetsd/bjtu-sql/commit/17d7b21864b72ba5666f15236474a93268b32ec9 | flaskr/flaskr/views/comment.py,"SVEN CCS'23 (He&Vechev), MIT",,L3
sven/train/cwe-089/flaskr/flaskr/views/comment.py::delete@fix,0,cwe-089,github.com/ulyssetsd/bjtu-sql/commit/17d7b21864b72ba5666f15236474a93268b32ec9 | flaskr/flaskr/views/comment.py | 修复版,"SVEN CCS'23 (He&Vechev), MIT",,L3
sven/train/cwe-089/api.py::get_markets@vul,1,cwe-089,github.com/VinChain/vinchain-python-api-backend/commit/b78088a551fbb712121269c6eb7f43ede120ff60 | api.py,"SVEN CCS'23 (He&Vechev), MIT",,L3
sven/train/cwe-089/api.py::get_markets@fix,0,cwe-089,github.com/VinChain/vinchain-python-api-backend/commit/b78088a551fbb712121269c6eb7f43ede120ff60 | api.py | 修复版,"SVEN CCS'23 (He&Vechev), MIT",,L3
sven/train/cwe-089/zeromail.py::get_secrets@vul,1,cwe-089,github.com/imachug/ZeroMailProxy/commit/8f62d024c6c4c957079d147e59f26d15c07dc888 | zeromail.py,"SVEN CCS'23 (He&Vechev), MIT",,L3
sven/train/cwe-089/zeromail.py::get_secrets@fix,0,cwe-089,github.com/imachug/ZeroMailProxy/commit/8f62d024c6c4c957079d147e59f26d15c07dc888 | zeromail.py | 修复版,"SVEN CCS'23 (He&Vechev), MIT",,L3
sven/train/cwe-089/util/database.py::add_consumption_data_row@vul,1,cwe-089,github.com/philipptrenz/s0-bridge/commit/269b48caa05377b7c58c3e6d1622a4429cb5ba65 | util/database.py,"SVEN CCS'23 (He&Vechev), MIT",,L3
sven/train/cwe-089/util/database.py::add_consumption_data_row@fix,0,cwe-089,github.com/philipptrenz/s0-bridge/commit/269b48caa05377b7c58c3e6d1622a4429cb5ba65 | util/database.py | 修复版,"SVEN CCS'23 (He&Vechev), MIT",,L3
sven/train/cwe-089/api.py::lookup_assets@vul,1,cwe-089,github.com/VinChain/vinchain-python-api-backend/commit/b78088a551fbb712121269c6eb7f43ede120ff60 | api.py,"SVEN CCS'23 (He&Vechev), MIT",,L3
sven/train/cwe-089/api.py::lookup_assets@fix,0,cwe-089,github.com/VinChain/vinchain-python-api-backend/commit/b78088a551fbb712121269c6eb7f43ede120ff60 | api.py | 修复版,"SVEN CCS'23 (He&Vechev), MIT",,L3
sven/train/cwe-089/bot.py::set_state@vul,1,cwe-089,github.com/lissrbay/codeforces_bot/commit/cc7f5143445a0030b1149ac60a65b1b1b9c92a90 | bot.py,"SVEN CCS'23 (He&Vechev), MIT",,L3
sven/train/cwe-089/bot.py::set_state@fix,0,cwe-089,github.com/lissrbay/codeforces_bot/commit/cc7f5143445a0030b1149ac60a65b1b1b9c92a90 | bot.py | 修复版,"SVEN CCS'23 (He&Vechev), MIT",,L3
sven/train/cwe-089/server/ygoons/modules/user/follow_suggest.py::_get_degree_2@vul,1,cwe-089,github.com/young-goons/rifflo-server/commit/fb311df76713b638c9486250f9badb288ffb2189 | server/ygoons/modules/user/follow_suggest.py,"SVEN CCS'23 (He&Vechev), MIT",,L3
sven/train/cwe-089/server/ygoons/modules/user/follow_suggest.py::_get_degree_2@fix,0,cwe-089,github.com/young-goons/rifflo-server/commit/fb311df76713b638c9486250f9badb288ffb2189 | server/ygoons/modules/user/follow_suggest.py | 修复版,"SVEN CCS'23 (He&Vechev), MIT",,L3
sven/train/cwe-089/bracket_utils.py::get_tournaments_during_month@vul,1,cwe-089,github.com/DKelle/Smash_stats/commit/4bb83f3f6ce7d6bebbeb512cd015f9e72cf36d63 | bracket_utils.py,"SVEN CCS'23 (He&Vechev), MIT",,L3
sven/train/cwe-089/bracket_utils.py::get_tournaments_during_month@fix,0,cwe-089,github.com/DKelle/Smash_stats/commit/4bb83f3f6ce7d6bebbeb512cd015f9e72cf36d63 | bracket_utils.py | 修复版,"SVEN CCS'23 (He&Vechev), MIT",,L3
sven/train/cwe-089/dbhelper.py::add_input@vul,1,cwe-089,github.com/amrishc/crimemap/commit/51b3d51aa031d7c285295de36f5464d43debf6de | dbhelper.py,"SVEN CCS'23 (He&Vechev), MIT",,L3
sven/train/cwe-089/dbhelper.py::add_input@fix,0,cwe-089,github.com/amrishc/crimemap/commit/51b3d51aa031d7c285295de36f5464d43debf6de | dbhelper.py | 修复版,"SVEN CCS'23 (He&Vechev), MIT",,L3
sven/train/cwe-089/news_data_analysis.py::get_error_days@vul,1,cwe-089,github.com/rrbiz662/log-analysis/commit/20fefbde3738088586a3c5679f743493d0a504f6 | news_data_analysis.py,"SVEN CCS'23 (He&Vechev), MIT",,L3
sven/train/cwe-089/news_data_analysis.py::get_error_days@fix,0,cwe-089,github.com/rrbiz662/log-analysis/commit/20fefbde3738088586a3c5679f743493d0a504f6 | news_data_analysis.py | 修复版,"SVEN CCS'23 (He&Vechev), MIT",,L3
sven/train/cwe-089/deposit.py::all_deposits@vul,1,cwe-089,github.com/ktechmidas/garlictipsbot/commit/7c262255f933cb721109ac4be752b5b7599275aa | deposit.py,"SVEN CCS'23 (He&Vechev), MIT",,L3
sven/train/cwe-089/deposit.py::all_deposits@fix,0,cwe-089,github.com/ktechmidas/garlictipsbot/commit/7c262255f933cb721109ac4be752b5b7599275aa | deposit.py | 修复版,"SVEN CCS'23 (He&Vechev), MIT",,L3
sven/train/cwe-089/src/auth.py::get_user@vul,1,cwe-089,github.com/bonbondirac/tsunami/commit/396cc394bd6daaf0ee9c16b1b55a4082eeaac208 | src/auth.py,"SVEN CCS'23 (He&Vechev), MIT",,L3
sven/train/cwe-089/src/auth.py::get_user@fix,0,cwe-089,github.com/bonbondirac/tsunami/commit/396cc394bd6daaf0ee9c16b1b55a4082eeaac208 | src/auth.py | 修复版,"SVEN CCS'23 (He&Vechev), MIT",,L3
sven/train/cwe-089/photogpsbot/users.py::compare_and_update@vul,1,cwe-089,github.com/RandyRomero/photoGPSbot/commit/0e9f57f13e61863b3672f5730e27f149da00786a | photogpsbot/users.py,"SVEN CCS'23 (He&Vechev), MIT",,L3
sven/train/cwe-089/photogpsbot/users.py::compare_and_update@fix,0,cwe-089,github.com/RandyRomero/photoGPSbot/commit/0e9f57f13e61863b3672f5730e27f149da00786a | photogpsbot/users.py | 修复版,"SVEN CCS'23 (He&Vechev), MIT",,L3
sven/train/cwe-089/plugins/database.py::GameNewPlayed@vul,1,cwe-089,github.com/iScrE4m/XLeague/commit/59cab6e5fd8bd5e47f2418a7c71cb1d4e3cad0d2 | plugins/database.py,"SVEN CCS'23 (He&Vechev), MIT",,L3
sven/train/cwe-089/plugins/database.py::GameNewPlayed@fix,0,cwe-089,github.com/iScrE4m/XLeague/commit/59cab6e5fd8bd5e47f2418a7c71cb1d4e3cad0d2 | plugins/database.py | 修复版,"SVEN CCS'23 (He&Vechev), MIT",,L3
sven/train/cwe-089/database.py::insertNPC@vul,1,cwe-089,github.com/DangerBlack/DungeonsAndDragonsMasterBot/commit/63f980c6dff746f5fcf3005d0646b6c24f81cdc0 | database.py,"SVEN CCS'23 (He&Vechev), MIT",,L3
sven/train/cwe-089/database.py::insertNPC@fix,0,cwe-089,github.com/DangerBlack/DungeonsAndDragonsMasterBot/commit/63f980c6dff746f5fcf3005d0646b6c24f81cdc0 | database.py | 修复版,"SVEN CCS'23 (He&Vechev), MIT",,L3
sven/train/cwe-089/apis/users.py::get@vul,1,cwe-089,github.com/sgosal2/tiger-boards-backend/commit/4670109dd613df2f2fe7e8403ebd149df2b55485 | apis/users.py,"SVEN CCS'23 (He&Vechev), MIT",,L3
sven/train/cwe-089/apis/users.py::get@fix,0,cwe-089,github.com/sgosal2/tiger-boards-backend/commit/4670109dd613df2f2fe7e8403ebd149df2b55485 | apis/users.py | 修复版,"SVEN CCS'23 (He&Vechev), MIT",,L3
sven/train/cwe-089/endpoints.py::h2h@vul,1,cwe-089,github.com/DKelle/Smash_stats/commit/4bb83f3f6ce7d6bebbeb512cd015f9e72cf36d63 | endpoints.py,"SVEN CCS'23 (He&Vechev), MIT",,L3
sven/train/cwe-089/endpoints.py::h2h@fix,0,cwe-089,github.com/DKelle/Smash_stats/commit/4bb83f3f6ce7d6bebbeb512cd015f9e72cf36d63 | endpoints.py | 修复版,"SVEN CCS'23 (He&Vechev), MIT",,L3
sven/train/cwe-089/modules/post.py::insertData@vul,1,cwe-089,github.com/ShaominLi/Twitter_project/commit/5329d91f9e569c95184053c8e7ef596949c33ce9 | modules/post.py,"SVEN CCS'23 (He&Vechev), MIT",,L3
sven/train/cwe-089/modules/post.py::insertData@fix,0,cwe-089,github.com/ShaominLi/Twitter_project/commit/5329d91f9e569c95184053c8e7ef596949c33ce9 | modules/post.py | 修复版,"SVEN CCS'23 (He&Vechev), MIT",,L3
sven/train/cwe-089/util/database.py::get_requested_month_for_inverter@vul,1,cwe-089,github.com/philipptrenz/sunportal/commit/7eef493a168ed4e6731ff800713bfb8aee99a506 | util/database.py,"SVEN CCS'23 (He&Vechev), MIT",,L3
sven/train/cwe-089/util/database.py::get_requested_month_for_inverter@fix,0,cwe-089,github.com/philipptrenz/sunportal/commit/7eef493a168ed4e6731ff800713bfb8aee99a506 | util/database.py | 修复版,"SVEN CCS'23 (He&Vechev), MIT",,L3
sven/train/cwe-089/cheshire3/sql/resultSetStore.py::delete_resultSet@vul,1,cwe-089,github.com/cheshire3/cheshire3/commit/d350363b4ea10f102c24c8f26d7b76b006323e8e | cheshire3/sql/resultSetStore.py,"SVEN CCS'23 (He&Vechev), MIT",,L3
sven/train/cwe-089/cheshire3/sql/resultSetStore.py::delete_resultSet@fix,0,cwe-089,github.com/cheshire3/cheshire3/commit/d350363b4ea10f102c24c8f26d7b76b006323e8e | cheshire3/sql/resultSetStore.py | 修复版,"SVEN CCS'23 (He&Vechev), MIT",,L3
sven/train/cwe-089/CheckAndPostForSeriesSubmissions.py::getSeriesDateFromDatabase@vul,1,cwe-089,github.com/LiquidFun/Reddit-GeoGuessr-Tracking-Bot/commit/0cad2d52e24b05da32789fbc8face7a9999a71f9 | CheckAndPostForSeriesSubmissions.py,"SVEN CCS'23 (He&Vechev), MIT",,L3
sven/train/cwe-089/CheckAndPostForSeriesSubmissions.py::getSeriesDateFromDatabase@fix,0,cwe-089,github.com/LiquidFun/Reddit-GeoGuessr-Tracking-Bot/commit/0cad2d52e24b05da32789fbc8face7a9999a71f9 | CheckAndPostForSeriesSubmissions.py | 修复版,"SVEN CCS'23 (He&Vechev), MIT",,L3
sven/train/cwe-089/KarmaBoi/dbopts.py::karma_add@vul,1,cwe-089,github.com/tylarb/KarmaBoi-PCF/commit/c1d00a27d7f6b7eb6f15a3dacd4269654a32c10a | KarmaBoi/dbopts.py,"SVEN CCS'23 (He&Vechev), MIT",,L3
sven/train/cwe-089/KarmaBoi/dbopts.py::karma_add@fix,0,cwe-089,github.com/tylarb/KarmaBoi-PCF/commit/c1d00a27d7f6b7eb6f15a3dacd4269654a32c10a | KarmaBoi/dbopts.py | 修复版,"SVEN CCS'23 (He&Vechev), MIT",,L3
sven/train/cwe-089/entry.py::update_date_modified@vul,1,cwe-089,github.com/peterlebrun/jdk/commit/000238566fbe55ba09676c3d57af04ae207235ae | entry.py,"SVEN CCS'23 (He&Vechev), MIT",,L3
sven/train/cwe-089/entry.py::update_date_modified@fix,0,cwe-089,github.com/peterlebrun/jdk/commit/000238566fbe55ba09676c3d57af04ae207235ae | entry.py | 修复版,"SVEN CCS'23 (He&Vechev), MIT",,L3
sven/train/cwe-089/eddb.py::system_search@vul,1,cwe-089,github.com/BeatButton/beattie/commit/ab36b2053ee09faf4cc9a279cf7a4c010864cb29 | eddb.py,"SVEN CCS'23 (He&Vechev), MIT",,L3
sven/train/cwe-089/eddb.py::system_search@fix,0,cwe-089,github.com/BeatButton/beattie/commit/ab36b2053ee09faf4cc9a279cf7a4c010864cb29 | eddb.py | 修复版,"SVEN CCS'23 (He&Vechev), MIT",,L3
sven/train/cwe-089/bot.py::get_login@vul,1,cwe-089,github.com/lissrbay/codeforces_bot/commit/cc7f5143445a0030b1149ac60a65b1b1b9c92a90 | bot.py,"SVEN CCS'23 (He&Vechev), MIT",,L3
sven/train/cwe-089/bot.py::get_login@fix,0,cwe-089,github.com/lissrbay/codeforces_bot/commit/cc7f5143445a0030b1149ac60a65b1b1b9c92a90 | bot.py | 修复版,"SVEN CCS'23 (He&Vechev), MIT",,L3
sven/train/cwe-089/Week_9/sql_manager.py::login@vul,1,cwe-089,github.com/AnetaStoycheva/Programming101_HackBulgaria/commit/c0d6f4b8fe83a375832845a45952b5153e4c34f3 | Week_9/sql_manager.py,"SVEN CCS'23 (He&Vechev), MIT",,L3
sven/train/cwe-089/Week_9/sql_manager.py::login@fix,0,cwe-089,github.com/AnetaStoycheva/Programming101_HackBulgaria/commit/c0d6f4b8fe83a375832845a45952b5153e4c34f3 | Week_9/sql_manager.py | 修复版,"SVEN CCS'23 (He&Vechev), MIT",,L3
sven/train/cwe-089/bot.py::get_current_state@vul,1,cwe-089,github.com/lissrbay/codeforces_bot/commit/cc7f5143445a0030b1149ac60a65b1b1b9c92a90 | bot.py,"SVEN CCS'23 (He&Vechev), MIT",,L3
sven/train/cwe-089/bot.py::get_current_state@fix,0,cwe-089,github.com/lissrbay/codeforces_bot/commit/cc7f5143445a0030b1149ac60a65b1b1b9c92a90 | bot.py | 修复版,"SVEN CCS'23 (He&Vechev), MIT",,L3
sven/train/cwe-089/sdow/database.py::fetch_page_name@vul,1,cwe-089,github.com/jwngr/sdow/commit/4db98f3521592f17550d2b723336f33fec5e112a | sdow/database.py,"SVEN CCS'23 (He&Vechev), MIT",,L3
sven/train/cwe-089/sdow/database.py::fetch_page_name@fix,0,cwe-089,github.com/jwngr/sdow/commit/4db98f3521592f17550d2b723336f33fec5e112a | sdow/database.py | 修复版,"SVEN CCS'23 (He&Vechev), MIT",,L3
sven/train/cwe-089/server.py::save_page_edit@vul,1,cwe-089,github.com/Pumala/python_wiki_app_redo/commit/65d60747cd8efb05970304234d3bd949d2088e8b | server.py,"SVEN CCS'23 (He&Vechev), MIT",,L3
sven/train/cwe-089/server.py::save_page_edit@fix,0,cwe-089,github.com/Pumala/python_wiki_app_redo/commit/65d60747cd8efb05970304234d3bd949d2088e8b | server.py | 修复版,"SVEN CCS'23 (He&Vechev), MIT",,L3
sven/train/cwe-089/logAnalyzerDb.py::get_top_popular@vul,1,cwe-089,github.com/thugasin/udacity-homework-logAnalyzer/commit/506f25f9a1caee7f17034adf7c75e0efbc88082b | logAnalyzerDb.py,"SVEN CCS'23 (He&Vechev), MIT",,L3
sven/train/cwe-089/logAnalyzerDb.py::get_top_popular@fix,0,cwe-089,github.com/thugasin/udacity-homework-logAnalyzer/commit/506f25f9a1caee7f17034adf7c75e0efbc88082b | logAnalyzerDb.py | 修复版,"SVEN CCS'23 (He&Vechev), MIT",,L3
sven/train/cwe-089/server.py::render_page_edit@vul,1,cwe-089,github.com/Pumala/python_wiki_app_redo/commit/65d60747cd8efb05970304234d3bd949d2088e8b | server.py,"SVEN CCS'23 (He&Vechev), MIT",,L3
sven/train/cwe-089/server.py::render_page_edit@fix,0,cwe-089,github.com/Pumala/python_wiki_app_redo/commit/65d60747cd8efb05970304234d3bd949d2088e8b | server.py | 修复版,"SVEN CCS'23 (He&Vechev), MIT",,L3
sven/train/cwe-089/bracket_utils.py::get_monthly_ranks_for_scene@vul,1,cwe-089,github.com/DKelle/Smash_stats/commit/4bb83f3f6ce7d6bebbeb512cd015f9e72cf36d63 | bracket_utils.py,"SVEN CCS'23 (He&Vechev), MIT",,L3
sven/train/cwe-089/bracket_utils.py::get_monthly_ranks_for_scene@fix,0,cwe-089,github.com/DKelle/Smash_stats/commit/4bb83f3f6ce7d6bebbeb512cd015f9e72cf36d63 | bracket_utils.py | 修复版,"SVEN CCS'23 (He&Vechev), MIT",,L3
sven/train/cwe-089/server/models/postgis/task.py::auto_unlock_tasks@vul,1,cwe-089,github.com/hotosm/tasking-manager/commit/dee040a2d22b3c4d5e38e2dbf8c6b651ad4c241a | server/models/postgis/task.py,"SVEN CCS'23 (He&Vechev), MIT",,L3
sven/train/cwe-089/server/models/postgis/task.py::auto_unlock_tasks@fix,0,cwe-089,github.com/hotosm/tasking-manager/commit/dee040a2d22b3c4d5e38e2dbf8c6b651ad4c241a | server/models/postgis/task.py | 修复版,"SVEN CCS'23 (He&Vechev), MIT",,L3
sven/train/cwe-089/modules/users.py::getAllComments@vul,1,cwe-089,github.com/ShaominLi/Twitter_project/commit/5329d91f9e569c95184053c8e7ef596949c33ce9 | modules/users.py,"SVEN CCS'23 (He&Vechev), MIT",,L3
sven/train/cwe-089/modules/users.py::getAllComments@fix,0,cwe-089,github.com/ShaominLi/Twitter_project/commit/5329d91f9e569c95184053c8e7ef596949c33ce9 | modules/users.py | 修复版,"SVEN CCS'23 (He&Vechev), MIT",,L3
sven/train/cwe-089/bases/update.py::update_user@vul,1,cwe-089,github.com/lissrbay/codeforces_bot/commit/cc7f5143445a0030b1149ac60a65b1b1b9c92a90 | bases/update.py,"SVEN CCS'23 (He&Vechev), MIT",,L3
sven/train/cwe-089/bases/update.py::update_user@fix,0,cwe-089,github.com/lissrbay/codeforces_bot/commit/cc7f5143445a0030b1149ac60a65b1b1b9c92a90 | bases/update.py | 修复版,"SVEN CCS'23 (He&Vechev), MIT",,L3
sven/train/cwe-089/backend/transactions/TransactionConnector.py::save_accepted_transaction@vul,1,cwe-089,github.com/JLucka/kickstarter-dev/commit/e2ffa062697e060fdfbd2eccbb89a8c53a569e0b | backend/transactions/TransactionConnector.py,"SVEN CCS'23 (He&Vechev), MIT",,L3
sven/train/cwe-089/backend/transactions/TransactionConnector.py::save_accepted_transaction@fix,0,cwe-089,github.com/JLucka/kickstarter-dev/commit/e2ffa062697e060fdfbd2eccbb89a8c53a569e0b | backend/transactions/TransactionConnector.py | 修复版,"SVEN CCS'23 (He&Vechev), MIT",,L3
sven/train/cwe-089/KarmaBoi/dbopts.py::shame_ask@vul,1,cwe-089,github.com/tylarb/KarmaBoi-PCF/commit/c1d00a27d7f6b7eb6f15a3dacd4269654a32c10a | KarmaBoi/dbopts.py,"SVEN CCS'23 (He&Vechev), MIT",,L3
sven/train/cwe-089/KarmaBoi/dbopts.py::shame_ask@fix,0,cwe-089,github.com/tylarb/KarmaBoi-PCF/commit/c1d00a27d7f6b7eb6f15a3dacd4269654a32c10a | KarmaBoi/dbopts.py | 修复版,"SVEN CCS'23 (He&Vechev), MIT",,L3
sven/train/cwe-089/database.py::incrementOption@vul,1,cwe-089,github.com/FAUSheppy/simple-python-poll/commit/186c5ff5cdf58272e253a1bb432419ee50d93109 | database.py,"SVEN CCS'23 (He&Vechev), MIT",,L3
sven/train/cwe-089/database.py::incrementOption@fix,0,cwe-089,github.com/FAUSheppy/simple-python-poll/commit/186c5ff5cdf58272e253a1bb432419ee50d93109 | database.py | 修复版,"SVEN CCS'23 (He&Vechev), MIT",,L3
sven/train/cwe-089/src/tech_track.py::overview@vul,1,cwe-089,github.com/CaitlinKennedy/Tech-Track/commit/20ef2d4010f9497b8221524edd0c706e2c6a4147 | src/tech_track.py,"SVEN CCS'23 (He&Vechev), MIT",,L3
sven/train/cwe-089/src/tech_track.py::overview@fix,0,cwe-089,github.com/CaitlinKennedy/Tech-Track/commit/20ef2d4010f9497b8221524edd0c706e2c6a4147 | src/tech_track.py | 修复版,"SVEN CCS'23 (He&Vechev), MIT",,L3
sven/train/cwe-089/backend-api/backend-api.py::addTags@vul,1,cwe-089,github.com/tasbir49/BreadWinner/commit/332a9f2c619be399ae94244bb8bd0977fc62bc16 | backend-api/backend-api.py,"SVEN CCS'23 (He&Vechev), MIT",,L3
sven/train/cwe-089/backend-api/backend-api.py::addTags@fix,0,cwe-089,github.com/tasbir49/BreadWinner/commit/332a9f2c619be399ae94244bb8bd0977fc62bc16 | backend-api/backend-api.py | 修复版,"SVEN CCS'23 (He&Vechev), MIT",,L3
sven/train/cwe-089/flaskr/flaskr/views/comment.py::edit@vul,1,cwe-089,github.com/ulyssetsd/bjtu-sql/commit/17d7b21864b72ba5666f15236474a93268b32ec9 | flaskr/flaskr/views/comment.py,"SVEN CCS'23 (He&Vechev), MIT",,L3
sven/train/cwe-089/flaskr/flaskr/views/comment.py::edit@fix,0,cwe-089,github.com/ulyssetsd/bjtu-sql/commit/17d7b21864b72ba5666f15236474a93268b32ec9 | flaskr/flaskr/views/comment.py | 修复版,"SVEN CCS'23 (He&Vechev), MIT",,L3
sven/train/cwe-089/cgi/create_game.py::process_form@vul,1,cwe-089,github.com/russ-lewis/ttt_-_python_cgi/commit/6096f43fd4b2d91211eec4614b7960c0816900da | cgi/create_game.py,"SVEN CCS'23 (He&Vechev), MIT",,L3
sven/train/cwe-089/cgi/create_game.py::process_form@fix,0,cwe-089,github.com/russ-lewis/ttt_-_python_cgi/commit/6096f43fd4b2d91211eec4614b7960c0816900da | cgi/create_game.py | 修复版,"SVEN CCS'23 (He&Vechev), MIT",,L3
sven/train/cwe-089/photogpsbot/users.py::clean_cache@vul,1,cwe-089,github.com/RandyRomero/photoGPSbot/commit/0e9f57f13e61863b3672f5730e27f149da00786a | photogpsbot/users.py,"SVEN CCS'23 (He&Vechev), MIT",,L3
sven/train/cwe-089/photogpsbot/users.py::clean_cache@fix,0,cwe-089,github.com/RandyRomero/photoGPSbot/commit/0e9f57f13e61863b3672f5730e27f149da00786a | photogpsbot/users.py | 修复版,"SVEN CCS'23 (He&Vechev), MIT",,L3
sven/train/cwe-089/docker/app.py::quiz@vul,1,cwe-089,github.com/aupasana/amara-quiz/commit/6ceb5dc8ec38b4a3f1399e578ab970f7e3354922 | docker/app.py,"SVEN CCS'23 (He&Vechev), MIT",,L3
sven/train/cwe-089/docker/app.py::quiz@fix,0,cwe-089,github.com/aupasana/amara-quiz/commit/6ceb5dc8ec38b4a3f1399e578ab970f7e3354922 | docker/app.py | 修复版,"SVEN CCS'23 (He&Vechev), MIT",,L3
sven/train/cwe-089/vagrant/tournament/tournament.py::reportMatch._checkPairing@vul,1,cwe-089,github.com/juanchopanza/Tournament/commit/5799aee52d2cabb685800b88977257bd0964d0da | vagrant/tournament/tournament.py,"SVEN CCS'23 (He&Vechev), MIT",,L3
sven/train/cwe-089/vagrant/tournament/tournament.py::reportMatch._checkPairing@fix,0,cwe-089,github.com/juanchopanza/Tournament/commit/5799aee52d2cabb685800b88977257bd0964d0da | vagrant/tournament/tournament.py | 修复版,"SVEN CCS'23 (He&Vechev), MIT",,L3
sven/train/cwe-089/util/database.py::add_month_data_row@vul,1,cwe-089,github.com/philipptrenz/s0-bridge/commit/269b48caa05377b7c58c3e6d1622a4429cb5ba65 | util/database.py,"SVEN CCS'23 (He&Vechev), MIT",,L3
sven/train/cwe-089/util/database.py::add_month_data_row@fix,0,cwe-089,github.com/philipptrenz/s0-bridge/commit/269b48caa05377b7c58c3e6d1622a4429cb5ba65 | util/database.py | 修复版,"SVEN CCS'23 (He&Vechev), MIT",,L3
sven/train/cwe-089/playlist/playlist_repository.py::create_playlist@vul,1,cwe-089,github.com/Madmous/playlist/commit/666e52c5f0b8c1f4296e84471637033d9542a7a6 | playlist/playlist_repository.py,"SVEN CCS'23 (He&Vechev), MIT",,L3
sven/train/cwe-089/playlist/playlist_repository.py::create_playlist@fix,0,cwe-089,github.com/Madmous/playlist/commit/666e52c5f0b8c1f4296e84471637033d9542a7a6 | playlist/playlist_repository.py | 修复版,"SVEN CCS'23 (He&Vechev), MIT",,L3
sven/train/cwe-089/KarmaBoi/dbopts.py::karma_ask@vul,1,cwe-089,github.com/tylarb/KarmaBoi-PCF/commit/c1d00a27d7f6b7eb6f15a3dacd4269654a32c10a | KarmaBoi/dbopts.py,"SVEN CCS'23 (He&Vechev), MIT",,L3
sven/train/cwe-089/KarmaBoi/dbopts.py::karma_ask@fix,0,cwe-089,github.com/tylarb/KarmaBoi-PCF/commit/c1d00a27d7f6b7eb6f15a3dacd4269654a32c10a | KarmaBoi/dbopts.py | 修复版,"SVEN CCS'23 (He&Vechev), MIT",,L3
sven/train/cwe-089/apis/login.py::post@vul,1,cwe-089,github.com/sgosal2/tiger-boards-backend/commit/4670109dd613df2f2fe7e8403ebd149df2b55485 | apis/login.py,"SVEN CCS'23 (He&Vechev), MIT",,L3
sven/train/cwe-089/apis/login.py::post@fix,0,cwe-089,github.com/sgosal2/tiger-boards-backend/commit/4670109dd613df2f2fe7e8403ebd149df2b55485 | apis/login.py | 修复版,"SVEN CCS'23 (He&Vechev), MIT",,L3
sven/train/cwe-089/util/database.py::add_day_data_row@vul,1,cwe-089,github.com/philipptrenz/s0-bridge/commit/269b48caa05377b7c58c3e6d1622a4429cb5ba65 | util/database.py,"SVEN CCS'23 (He&Vechev), MIT",,L3
sven/train/cwe-089/util/database.py::add_day_data_row@fix,0,cwe-089,github.com/philipptrenz/s0-bridge/commit/269b48caa05377b7c58c3e6d1622a4429cb5ba65 | util/database.py | 修复版,"SVEN CCS'23 (He&Vechev), MIT",,L3
sven/train/cwe-089/cheshire3/sql/postgresStore.py::store_metadata@vul,1,cwe-089,github.com/cheshire3/cheshire3/commit/d350363b4ea10f102c24c8f26d7b76b006323e8e | cheshire3/sql/postgresStore.py,"SVEN CCS'23 (He&Vechev), MIT",,L3
sven/train/cwe-089/cheshire3/sql/postgresStore.py::store_metadata@fix,0,cwe-089,github.com/cheshire3/cheshire3/commit/d350363b4ea10f102c24c8f26d7b76b006323e8e | cheshire3/sql/postgresStore.py | 修复版,"SVEN CCS'23 (He&Vechev), MIT",,L3
sven/train/cwe-089/apis/spaces.py::get@vul,1,cwe-089,github.com/sgosal2/tiger-boards-backend/commit/4670109dd613df2f2fe7e8403ebd149df2b55485 | apis/spaces.py,"SVEN CCS'23 (He&Vechev), MIT",,L3
sven/train/cwe-089/apis/spaces.py::get@fix,0,cwe-089,github.com/sgosal2/tiger-boards-backend/commit/4670109dd613df2f2fe7e8403ebd149df2b55485 | apis/spaces.py | 修复版,"SVEN CCS'23 (He&Vechev), MIT",,L3
sven/train/cwe-089/comics/check_comics.py::check@vul,1,cwe-089,github.com/lord63/a_bunch_of_code/commit/c0d67a1312306fd1257c354bfb5d6cac7643aa29 | comics/check_comics.py,"SVEN CCS'23 (He&Vechev), MIT",,L3
sven/train/cwe-089/comics/check_comics.py::check@fix,0,cwe-089,github.com/lord63/a_bunch_of_code/commit/c0d67a1312306fd1257c354bfb5d6cac7643aa29 | comics/check_comics.py | 修复版,"SVEN CCS'23 (He&Vechev), MIT",,L3
sven/train/cwe-089/bar.py::delete_crawl@vul,1,cwe-089,github.com/yannvon/table-detection/commit/4bad3673debf0b9491b520f0e22e9186af78c375 | bar.py,"SVEN CCS'23 (He&Vechev), MIT",,L3
sven/train/cwe-089/bar.py::delete_crawl@fix,0,cwe-089,github.com/yannvon/table-detection/commit/4bad3673debf0b9491b520f0e22e9186af78c375 | bar.py | 修复版,"SVEN CCS'23 (He&Vechev), MIT",,L3
sven/train/cwe-089/app.py::add_movie@vul,1,cwe-089,github.com/Elbertbiggs360/dvdrental/commit/ad144ae2a08a332498d0831bc255170d57ba754b | app.py,"SVEN CCS'23 (He&Vechev), MIT",,L3
sven/train/cwe-089/app.py::add_movie@fix,0,cwe-089,github.com/Elbertbiggs360/dvdrental/commit/ad144ae2a08a332498d0831bc255170d57ba754b | app.py | 修复版,"SVEN CCS'23 (He&Vechev), MIT",,L3
sven/train/cwe-089/db.py::new_category@vul,1,cwe-089,github.com/leeorb321/expenses/commit/f93c0fa4d30787ef16420bfefc52565b98bc7fcf | db.py,"SVEN CCS'23 (He&Vechev), MIT",,L3
sven/train/cwe-089/db.py::new_category@fix,0,cwe-089,github.com/leeorb321/expenses/commit/f93c0fa4d30787ef16420bfefc52565b98bc7fcf | db.py | 修复版,"SVEN CCS'23 (He&Vechev), MIT",,L3
sven/train/cwe-089/bracket_utils.py::get_first_month@vul,1,cwe-089,github.com/DKelle/Smash_stats/commit/4bb83f3f6ce7d6bebbeb512cd015f9e72cf36d63 | bracket_utils.py,"SVEN CCS'23 (He&Vechev), MIT",,L3
sven/train/cwe-089/bracket_utils.py::get_first_month@fix,0,cwe-089,github.com/DKelle/Smash_stats/commit/4bb83f3f6ce7d6bebbeb512cd015f9e72cf36d63 | bracket_utils.py | 修复版,"SVEN CCS'23 (He&Vechev), MIT",,L3
sven/train/cwe-089/database.py::getOptions@vul,1,cwe-089,github.com/FAUSheppy/simple-python-poll/commit/186c5ff5cdf58272e253a1bb432419ee50d93109 | database.py,"SVEN CCS'23 (He&Vechev), MIT",,L3
sven/train/cwe-089/database.py::getOptions@fix,0,cwe-089,github.com/FAUSheppy/simple-python-poll/commit/186c5ff5cdf58272e253a1bb432419ee50d93109 | database.py | 修复版,"SVEN CCS'23 (He&Vechev), MIT",,L3
sven/train/cwe-089/video/video_repository.py::retrieve_last_video_position@vul,1,cwe-089,github.com/Madmous/playlist/commit/666e52c5f0b8c1f4296e84471637033d9542a7a6 | video/video_repository.py,"SVEN CCS'23 (He&Vechev), MIT",,L3
sven/train/cwe-089/video/video_repository.py::retrieve_last_video_position@fix,0,cwe-089,github.com/Madmous/playlist/commit/666e52c5f0b8c1f4296e84471637033d9542a7a6 | video/video_repository.py | 修复版,"SVEN CCS'23 (He&Vechev), MIT",,L3
sven/train/cwe-089/server.py::view_page_history@vul,1,cwe-089,github.com/Pumala/python_wiki_app_redo/commit/65d60747cd8efb05970304234d3bd949d2088e8b | server.py,"SVEN CCS'23 (He&Vechev), MIT",,L3
sven/train/cwe-089/server.py::view_page_history@fix,0,cwe-089,github.com/Pumala/python_wiki_app_redo/commit/65d60747cd8efb05970304234d3bd949d2088e8b | server.py | 修复版,"SVEN CCS'23 (He&Vechev), MIT",,L3
sven/train/cwe-089/logAnalyzerDb.py::get_top_author@vul,1,cwe-089,github.com/thugasin/udacity-homework-logAnalyzer/commit/506f25f9a1caee7f17034adf7c75e0efbc88082b | logAnalyzerDb.py,"SVEN CCS'23 (He&Vechev), MIT",,L3
sven/train/cwe-089/logAnalyzerDb.py::get_top_author@fix,0,cwe-089,github.com/thugasin/udacity-homework-logAnalyzer/commit/506f25f9a1caee7f17034adf7c75e0efbc88082b | logAnalyzerDb.py | 修复版,"SVEN CCS'23 (He&Vechev), MIT",,L3
sven/train/cwe-089/api.py::get_all_referrers@vul,1,cwe-089,github.com/VinChain/vinchain-python-api-backend/commit/b78088a551fbb712121269c6eb7f43ede120ff60 | api.py,"SVEN CCS'23 (He&Vechev), MIT",,L3
sven/train/cwe-089/api.py::get_all_referrers@fix,0,cwe-089,github.com/VinChain/vinchain-python-api-backend/commit/b78088a551fbb712121269c6eb7f43ede120ff60 | api.py | 修复版,"SVEN CCS'23 (He&Vechev), MIT",,L3
sven/train/cwe-089/ecosldb/ecosldb.py::add_translationname@vul,1,cwe-089,github.com/ecosl-developers/ecosl/commit/8af050a513338bf68ff2a243e4a2482d24e9aa3a | ecosldb/ecosldb.py,"SVEN CCS'23 (He&Vechev), MIT",,L3
sven/train/cwe-089/ecosldb/ecosldb.py::add_translationname@fix,0,cwe-089,github.com/ecosl-developers/ecosl/commit/8af050a513338bf68ff2a243e4a2482d24e9aa3a | ecosldb/ecosldb.py | 修复版,"SVEN CCS'23 (He&Vechev), MIT",,L3
sven/train/cwe-089/server/models/postgis/task.py::get_max_task_id_for_project@vul,1,cwe-089,github.com/hotosm/tasking-manager/commit/dee040a2d22b3c4d5e38e2dbf8c6b651ad4c241a | server/models/postgis/task.py,"SVEN CCS'23 (He&Vechev), MIT",,L3
sven/train/cwe-089/server/models/postgis/task.py::get_max_task_id_for_project@fix,0,cwe-089,github.com/hotosm/tasking-manager/commit/dee040a2d22b3c4d5e38e2dbf8c6b651ad4c241a | server/models/postgis/task.py | 修复版,"SVEN CCS'23 (He&Vechev), MIT",,L3
sven/train/cwe-089/database.py::findNPC@vul,1,cwe-089,github.com/DangerBlack/DungeonsAndDragonsMasterBot/commit/63f980c6dff746f5fcf3005d0646b6c24f81cdc0 | database.py,"SVEN CCS'23 (He&Vechev), MIT",,L3
sven/train/cwe-089/database.py::findNPC@fix,0,cwe-089,github.com/DangerBlack/DungeonsAndDragonsMasterBot/commit/63f980c6dff746f5fcf3005d0646b6c24f81cdc0 | database.py | 修复版,"SVEN CCS'23 (He&Vechev), MIT",,L3
sven/train/cwe-089/flaskr/flaskr/views/message.py::edit@vul,1,cwe-089,github.com/ulyssetsd/bjtu-sql/commit/17d7b21864b72ba5666f15236474a93268b32ec9 | flaskr/flaskr/views/message.py,"SVEN CCS'23 (He&Vechev), MIT",,L3
sven/train/cwe-089/flaskr/flaskr/views/message.py::edit@fix,0,cwe-089,github.com/ulyssetsd/bjtu-sql/commit/17d7b21864b72ba5666f15236474a93268b32ec9 | flaskr/flaskr/views/message.py | 修复版,"SVEN CCS'23 (He&Vechev), MIT",,L3
sven/train/cwe-089/cheshire3/sql/resultSetStore.py::fetch_resultSet@vul,1,cwe-089,github.com/cheshire3/cheshire3/commit/d350363b4ea10f102c24c8f26d7b76b006323e8e | cheshire3/sql/resultSetStore.py,"SVEN CCS'23 (He&Vechev), MIT",,L3
sven/train/cwe-089/cheshire3/sql/resultSetStore.py::fetch_resultSet@fix,0,cwe-089,github.com/cheshire3/cheshire3/commit/d350363b4ea10f102c24c8f26d7b76b006323e8e | cheshire3/sql/resultSetStore.py | 修复版,"SVEN CCS'23 (He&Vechev), MIT",,L3
sven/train/cwe-089/bases/createuserbase.py::init_user@vul,1,cwe-089,github.com/lissrbay/codeforces_bot/commit/cc7f5143445a0030b1149ac60a65b1b1b9c92a90 | bases/createuserbase.py,"SVEN CCS'23 (He&Vechev), MIT",,L3
sven/train/cwe-089/bases/createuserbase.py::init_user@fix,0,cwe-089,github.com/lissrbay/codeforces_bot/commit/cc7f5143445a0030b1149ac60a65b1b1b9c92a90 | bases/createuserbase.py | 修复版,"SVEN CCS'23 (He&Vechev), MIT",,L3
sven/train/cwe-089/plugins/vote.py::process_vote@vul,1,cwe-089,github.com/gstack/uguubot/commit/700ff40be84be88964e61f8ae780564e5862460d | plugins/vote.py,"SVEN CCS'23 (He&Vechev), MIT",,L3
sven/train/cwe-089/plugins/vote.py::process_vote@fix,0,cwe-089,github.com/gstack/uguubot/commit/700ff40be84be88964e61f8ae780564e5862460d | plugins/vote.py | 修复版,"SVEN CCS'23 (He&Vechev), MIT",,L3
sven/train/cwe-089/flaskr/flaskr/views/like_msg.py::like@vul,1,cwe-089,github.com/ulyssetsd/bjtu-sql/commit/17d7b21864b72ba5666f15236474a93268b32ec9 | flaskr/flaskr/views/like_msg.py,"SVEN CCS'23 (He&Vechev), MIT",,L3
sven/train/cwe-089/flaskr/flaskr/views/like_msg.py::like@fix,0,cwe-089,github.com/ulyssetsd/bjtu-sql/commit/17d7b21864b72ba5666f15236474a93268b32ec9 | flaskr/flaskr/views/like_msg.py | 修复版,"SVEN CCS'23 (He&Vechev), MIT",,L3
sven/train/cwe-089/modules/query_lastfm.py::tag_to_tag_num@vul,1,cwe-089,github.com/pukkapies/urop2019/commit/3ca2e2c291d2d5fe262d20a8e0520bdfb622432b | modules/query_lastfm.py,"SVEN CCS'23 (He&Vechev), MIT",,L3
sven/train/cwe-089/modules/query_lastfm.py::tag_to_tag_num@fix,0,cwe-089,github.com/pukkapies/urop2019/commit/3ca2e2c291d2d5fe262d20a8e0520bdfb622432b | modules/query_lastfm.py | 修复版,"SVEN CCS'23 (He&Vechev), MIT",,L3
sven/train/cwe-089/bin/solrcheckup.py::update_history_and_sourcebyinstitution@vul,1,cwe-089,github.com/miku/siskin/commit/7fa398d2fea72bf2e8b4808f75df4b3d35ae959a | bin/solrcheckup.py,"SVEN CCS'23 (He&Vechev), MIT",,L3
sven/train/cwe-089/bin/solrcheckup.py::update_history_and_sourcebyinstitution@fix,0,cwe-089,github.com/miku/siskin/commit/7fa398d2fea72bf2e8b4808f75df4b3d35ae959a | bin/solrcheckup.py | 修复版,"SVEN CCS'23 (He&Vechev), MIT",,L3
sven/train/cwe-089/Week_9/sql_manager.py::change_message@vul,1,cwe-089,github.com/AnetaStoycheva/Programming101_HackBulgaria/commit/c0d6f4b8fe83a375832845a45952b5153e4c34f3 | Week_9/sql_manager.py,"SVEN CCS'23 (He&Vechev), MIT",,L3
sven/train/cwe-089/Week_9/sql_manager.py::change_message@fix,0,cwe-089,github.com/AnetaStoycheva/Programming101_HackBulgaria/commit/c0d6f4b8fe83a375832845a45952b5153e4c34f3 | Week_9/sql_manager.py | 修复版,"SVEN CCS'23 (He&Vechev), MIT",,L3
sven/train/cwe-089/db/dbase.py::create_event@vul,1,cwe-089,github.com/jgayfer/spirit/commit/01c846c534c8d3cf6763f8b7444a0efe2caa3799 | db/dbase.py,"SVEN CCS'23 (He&Vechev), MIT",,L3
sven/train/cwe-089/db/dbase.py::create_event@fix,0,cwe-089,github.com/jgayfer/spirit/commit/01c846c534c8d3cf6763f8b7444a0efe2caa3799 | db/dbase.py | 修复版,"SVEN CCS'23 (He&Vechev), MIT",,L3
sven/train/cwe-089/bot.py::get_login2@vul,1,cwe-089,github.com/lissrbay/codeforces_bot/commit/cc7f5143445a0030b1149ac60a65b1b1b9c92a90 | bot.py,"SVEN CCS'23 (He&Vechev), MIT",,L3
sven/train/cwe-089/bot.py::get_login2@fix,0,cwe-089,github.com/lissrbay/codeforces_bot/commit/cc7f5143445a0030b1149ac60a65b1b1b9c92a90 | bot.py | 修复版,"SVEN CCS'23 (He&Vechev), MIT",,L3
sven/train/cwe-089/bracket_utils.py::get_bracket_graph_data@vul,1,cwe-089,github.com/DKelle/Smash_stats/commit/4bb83f3f6ce7d6bebbeb512cd015f9e72cf36d63 | bracket_utils.py,"SVEN CCS'23 (He&Vechev), MIT",,L3
sven/train/cwe-089/bracket_utils.py::get_bracket_graph_data@fix,0,cwe-089,github.com/DKelle/Smash_stats/commit/4bb83f3f6ce7d6bebbeb512cd015f9e72cf36d63 | bracket_utils.py | 修复版,"SVEN CCS'23 (He&Vechev), MIT",,L3
sven/train/cwe-089/apis/admins.py::get@vul,1,cwe-089,github.com/sgosal2/tiger-boards-backend/commit/4670109dd613df2f2fe7e8403ebd149df2b55485 | apis/admins.py,"SVEN CCS'23 (He&Vechev), MIT",,L3
sven/train/cwe-089/apis/admins.py::get@fix,0,cwe-089,github.com/sgosal2/tiger-boards-backend/commit/4670109dd613df2f2fe7e8403ebd149df2b55485 | apis/admins.py | 修复版,"SVEN CCS'23 (He&Vechev), MIT",,L3
sven/train/cwe-089/database.py::insertUsage@vul,1,cwe-089,github.com/DangerBlack/DungeonsAndDragonsMasterBot/commit/63f980c6dff746f5fcf3005d0646b6c24f81cdc0 | database.py,"SVEN CCS'23 (He&Vechev), MIT",,L3
sven/train/cwe-089/database.py::insertUsage@fix,0,cwe-089,github.com/DangerBlack/DungeonsAndDragonsMasterBot/commit/63f980c6dff746f5fcf3005d0646b6c24f81cdc0 | database.py | 修复版,"SVEN CCS'23 (He&Vechev), MIT",,L3
sven/train/cwe-089/book_rides/book_rides.py::verify_email@vul,1,cwe-089,github.com/kenboo98/291-Mini-Project-I/commit/3080ccb687c79c83954ce703faee8fcceec8c9eb | book_rides/book_rides.py,"SVEN CCS'23 (He&Vechev), MIT",,L3
sven/train/cwe-089/book_rides/book_rides.py::verify_email@fix,0,cwe-089,github.com/kenboo98/291-Mini-Project-I/commit/3080ccb687c79c83954ce703faee8fcceec8c9eb | book_rides/book_rides.py | 修复版,"SVEN CCS'23 (He&Vechev), MIT",,L3
sven/train/cwe-089/util/database.py::get_previous_yields@vul,1,cwe-089,github.com/philipptrenz/s0-bridge/commit/269b48caa05377b7c58c3e6d1622a4429cb5ba65 | util/database.py,"SVEN CCS'23 (He&Vechev), MIT",,L3
sven/train/cwe-089/util/database.py::get_previous_yields@fix,0,cwe-089,github.com/philipptrenz/s0-bridge/commit/269b48caa05377b7c58c3e6d1622a4429cb5ba65 | util/database.py | 修复版,"SVEN CCS'23 (He&Vechev), MIT",,L3
sven/train/cwe-089/api.py::referrer_count@vul,1,cwe-089,github.com/VinChain/vinchain-python-api-backend/commit/b78088a551fbb712121269c6eb7f43ede120ff60 | api.py,"SVEN CCS'23 (He&Vechev), MIT",,L3
sven/train/cwe-089/api.py::referrer_count@fix,0,cwe-089,github.com/VinChain/vinchain-python-api-backend/commit/b78088a551fbb712121269c6eb7f43ede120ff60 | api.py | 修复版,"SVEN CCS'23 (He&Vechev), MIT",,L3
sven/train/cwe-089/validURLs.py::analyze_scene@vul,1,cwe-089,github.com/DKelle/Smash_stats/commit/4bb83f3f6ce7d6bebbeb512cd015f9e72cf36d63 | validURLs.py,"SVEN CCS'23 (He&Vechev), MIT",,L3
sven/train/cwe-089/validURLs.py::analyze_scene@fix,0,cwe-089,github.com/DKelle/Smash_stats/commit/4bb83f3f6ce7d6bebbeb512cd015f9e72cf36d63 | validURLs.py | 修复版,"SVEN CCS'23 (He&Vechev), MIT",,L3
sven/train/cwe-089/app.py::get_article@vul,1,cwe-089,github.com/sepehr125/arxiv-doc2vec-recommender/commit/f23a4c32e6192b145017f64734b0a9a384c9123a | app.py,"SVEN CCS'23 (He&Vechev), MIT",,L3
sven/train/cwe-089/app.py::get_article@fix,0,cwe-089,github.com/sepehr125/arxiv-doc2vec-recommender/commit/f23a4c32e6192b145017f64734b0a9a384c9123a | app.py | 修复版,"SVEN CCS'23 (He&Vechev), MIT",,L3
sven/train/cwe-089/bases/createcfbase.py::create_cf_base@vul,1,cwe-089,github.com/lissrbay/codeforces_bot/commit/cc7f5143445a0030b1149ac60a65b1b1b9c92a90 | bases/createcfbase.py,"SVEN CCS'23 (He&Vechev), MIT",,L3
sven/train/cwe-089/bases/createcfbase.py::create_cf_base@fix,0,cwe-089,github.com/lissrbay/codeforces_bot/commit/cc7f5143445a0030b1149ac60a65b1b1b9c92a90 | bases/createcfbase.py | 修复版,"SVEN CCS'23 (He&Vechev), MIT",,L3
sven/train/cwe-089/plugins/database.py::closeGame@vul,1,cwe-089,github.com/iScrE4m/XLeague/commit/59cab6e5fd8bd5e47f2418a7c71cb1d4e3cad0d2 | plugins/database.py,"SVEN CCS'23 (He&Vechev), MIT",,L3
sven/train/cwe-089/plugins/database.py::closeGame@fix,0,cwe-089,github.com/iScrE4m/XLeague/commit/59cab6e5fd8bd5e47f2418a7c71cb1d4e3cad0d2 | plugins/database.py | 修复版,"SVEN CCS'23 (He&Vechev), MIT",,L3
sven/train/cwe-089/modules/users.py::cancelFollow@vul,1,cwe-089,github.com/ShaominLi/Twitter_project/commit/5329d91f9e569c95184053c8e7ef596949c33ce9 | modules/users.py,"SVEN CCS'23 (He&Vechev), MIT",,L3
sven/train/cwe-089/modules/users.py::cancelFollow@fix,0,cwe-089,github.com/ShaominLi/Twitter_project/commit/5329d91f9e569c95184053c8e7ef596949c33ce9 | modules/users.py | 修复版,"SVEN CCS'23 (He&Vechev), MIT",,L3
sven/train/cwe-089/Week_9/sql_manager.py::change_pass@vul,1,cwe-089,github.com/AnetaStoycheva/Programming101_HackBulgaria/commit/c0d6f4b8fe83a375832845a45952b5153e4c34f3 | Week_9/sql_manager.py,"SVEN CCS'23 (He&Vechev), MIT",,L3
sven/train/cwe-089/Week_9/sql_manager.py::change_pass@fix,0,cwe-089,github.com/AnetaStoycheva/Programming101_HackBulgaria/commit/c0d6f4b8fe83a375832845a45952b5153e4c34f3 | Week_9/sql_manager.py | 修复版,"SVEN CCS'23 (He&Vechev), MIT",,L3
sven/train/cwe-089/modules/comment.py::getCommentsByPostid@vul,1,cwe-089,github.com/ShaominLi/Twitter_project/commit/5329d91f9e569c95184053c8e7ef596949c33ce9 | modules/comment.py,"SVEN CCS'23 (He&Vechev), MIT",,L3
sven/train/cwe-089/modules/comment.py::getCommentsByPostid@fix,0,cwe-089,github.com/ShaominLi/Twitter_project/commit/5329d91f9e569c95184053c8e7ef596949c33ce9 | modules/comment.py | 修复版,"SVEN CCS'23 (He&Vechev), MIT",,L3
sven/train/cwe-089/mealPlan.py::__init__.callback@vul,1,cwe-089,github.com/trishamoyer/RecipePlanner-Python/commit/44d2ce370715d9344fad34b3b749322ab095a925 | mealPlan.py,"SVEN CCS'23 (He&Vechev), MIT",,L3
sven/train/cwe-089/mealPlan.py::__init__.callback@fix,0,cwe-089,github.com/trishamoyer/RecipePlanner-Python/commit/44d2ce370715d9344fad34b3b749322ab095a925 | mealPlan.py | 修复版,"SVEN CCS'23 (He&Vechev), MIT",,L3
sven/train/cwe-089/apis/users.py::patch@vul,1,cwe-089,github.com/sgosal2/tiger-boards-backend/commit/4670109dd613df2f2fe7e8403ebd149df2b55485 | apis/users.py,"SVEN CCS'23 (He&Vechev), MIT",,L3
sven/train/cwe-089/apis/users.py::patch@fix,0,cwe-089,github.com/sgosal2/tiger-boards-backend/commit/4670109dd613df2f2fe7e8403ebd149df2b55485 | apis/users.py | 修复版,"SVEN CCS'23 (He&Vechev), MIT",,L3
sven/train/cwe-089/flaskr/flaskr/views/users.py::edit@vul,1,cwe-089,github.com/ulyssetsd/bjtu-sql/commit/17d7b21864b72ba5666f15236474a93268b32ec9 | flaskr/flaskr/views/users.py,"SVEN CCS'23 (He&Vechev), MIT",,L3
sven/train/cwe-089/flaskr/flaskr/views/users.py::edit@fix,0,cwe-089,github.com/ulyssetsd/bjtu-sql/commit/17d7b21864b72ba5666f15236474a93268b32ec9 | flaskr/flaskr/views/users.py | 修复版,"SVEN CCS'23 (He&Vechev), MIT",,L3
sven/train/cwe-089/KarmaBoi/dbopts.py::shame_add@vul,1,cwe-089,github.com/tylarb/KarmaBoi-PCF/commit/c1d00a27d7f6b7eb6f15a3dacd4269654a32c10a | KarmaBoi/dbopts.py,"SVEN CCS'23 (He&Vechev), MIT",,L3
sven/train/cwe-089/KarmaBoi/dbopts.py::shame_add@fix,0,cwe-089,github.com/tylarb/KarmaBoi-PCF/commit/c1d00a27d7f6b7eb6f15a3dacd4269654a32c10a | KarmaBoi/dbopts.py | 修复版,"SVEN CCS'23 (He&Vechev), MIT",,L3
sven/train/cwe-089/backend/transactions/TransactionConnector.py::can_user_pass_that_amount_of_money@vul,1,cwe-089,github.com/JLucka/kickstarter-dev/commit/e2ffa062697e060fdfbd2eccbb89a8c53a569e0b | backend/transactions/TransactionConnector.py,"SVEN CCS'23 (He&Vechev), MIT",,L3
sven/train/cwe-089/backend/transactions/TransactionConnector.py::can_user_pass_that_amount_of_money@fix,0,cwe-089,github.com/JLucka/kickstarter-dev/commit/e2ffa062697e060fdfbd2eccbb89a8c53a569e0b | backend/transactions/TransactionConnector.py | 修复版,"SVEN CCS'23 (He&Vechev), MIT",,L3
sven/train/cwe-089/endpoints.py::placings@vul,1,cwe-089,github.com/DKelle/Smash_stats/commit/4bb83f3f6ce7d6bebbeb512cd015f9e72cf36d63 | endpoints.py,"SVEN CCS'23 (He&Vechev), MIT",,L3
sven/train/cwe-089/endpoints.py::placings@fix,0,cwe-089,github.com/DKelle/Smash_stats/commit/4bb83f3f6ce7d6bebbeb512cd015f9e72cf36d63 | endpoints.py | 修复版,"SVEN CCS'23 (He&Vechev), MIT",,L3
sven/train/cwe-089/database.py::markTokenUsedExternal@vul,1,cwe-089,github.com/FAUSheppy/simple-python-poll/commit/186c5ff5cdf58272e253a1bb432419ee50d93109 | database.py,"SVEN CCS'23 (He&Vechev), MIT",,L3
sven/train/cwe-089/database.py::markTokenUsedExternal@fix,0,cwe-089,github.com/FAUSheppy/simple-python-poll/commit/186c5ff5cdf58272e253a1bb432419ee50d93109 | database.py | 修复版,"SVEN CCS'23 (He&Vechev), MIT",,L3
sven/train/cwe-089/db/dbase.py::get_roster@vul,1,cwe-089,github.com/jgayfer/spirit/commit/01c846c534c8d3cf6763f8b7444a0efe2caa3799 | db/dbase.py,"SVEN CCS'23 (He&Vechev), MIT",,L3
sven/train/cwe-089/db/dbase.py::get_roster@fix,0,cwe-089,github.com/jgayfer/spirit/commit/01c846c534c8d3cf6763f8b7444a0efe2caa3799 | db/dbase.py | 修复版,"SVEN CCS'23 (He&Vechev), MIT",,L3
sven/train/cwe-089/video/video_repository.py::retrieve_video@vul,1,cwe-089,github.com/Madmous/playlist/commit/666e52c5f0b8c1f4296e84471637033d9542a7a6 | video/video_repository.py,"SVEN CCS'23 (He&Vechev), MIT",,L3
sven/train/cwe-089/video/video_repository.py::retrieve_video@fix,0,cwe-089,github.com/Madmous/playlist/commit/666e52c5f0b8c1f4296e84471637033d9542a7a6 | video/video_repository.py | 修复版,"SVEN CCS'23 (He&Vechev), MIT",,L3
sven/train/cwe-089/modules/users.py::followFriends@vul,1,cwe-089,github.com/ShaominLi/Twitter_project/commit/5329d91f9e569c95184053c8e7ef596949c33ce9 | modules/users.py,"SVEN CCS'23 (He&Vechev), MIT",,L3
sven/train/cwe-089/modules/users.py::followFriends@fix,0,cwe-089,github.com/ShaominLi/Twitter_project/commit/5329d91f9e569c95184053c8e7ef596949c33ce9 | modules/users.py | 修复版,"SVEN CCS'23 (He&Vechev), MIT",,L3
sven/train/cwe-089/plugins/database.py::getGameID@vul,1,cwe-089,github.com/iScrE4m/XLeague/commit/59cab6e5fd8bd5e47f2418a7c71cb1d4e3cad0d2 | plugins/database.py,"SVEN CCS'23 (He&Vechev), MIT",,L3
sven/train/cwe-089/plugins/database.py::getGameID@fix,0,cwe-089,github.com/iScrE4m/XLeague/commit/59cab6e5fd8bd5e47f2418a7c71cb1d4e3cad0d2 | plugins/database.py | 修复版,"SVEN CCS'23 (He&Vechev), MIT",,L3
sven/train/cwe-089/api.py::top_proxies@vul,1,cwe-089,github.com/VinChain/vinchain-python-api-backend/commit/b78088a551fbb712121269c6eb7f43ede120ff60 | api.py,"SVEN CCS'23 (He&Vechev), MIT",,L3
sven/train/cwe-089/api.py::top_proxies@fix,0,cwe-089,github.com/VinChain/vinchain-python-api-backend/commit/b78088a551fbb712121269c6eb7f43ede120ff60 | api.py | 修复版,"SVEN CCS'23 (He&Vechev), MIT",,L3
sven/train/cwe-089/modules/users.py::userLogin@vul,1,cwe-089,github.com/ShaominLi/Twitter_project/commit/5329d91f9e569c95184053c8e7ef596949c33ce9 | modules/users.py,"SVEN CCS'23 (He&Vechev), MIT",,L3
sven/train/cwe-089/modules/users.py::userLogin@fix,0,cwe-089,github.com/ShaominLi/Twitter_project/commit/5329d91f9e569c95184053c8e7ef596949c33ce9 | modules/users.py | 修复版,"SVEN CCS'23 (He&Vechev), MIT",,L3
sven/train/cwe-089/server.py::search_pages@vul,1,cwe-089,github.com/jcortes0309/wiki_flask/commit/a6bf5316abe2eb528adf36c8241a013fd02c5ffa | server.py,"SVEN CCS'23 (He&Vechev), MIT",,L3
sven/train/cwe-089/server.py::search_pages@fix,0,cwe-089,github.com/jcortes0309/wiki_flask/commit/a6bf5316abe2eb528adf36c8241a013fd02c5ffa | server.py | 修复版,"SVEN CCS'23 (He&Vechev), MIT",,L3
sven/train/cwe-089/app.py::get_articles_by_subject@vul,1,cwe-089,github.com/sepehr125/arxiv-doc2vec-recommender/commit/f23a4c32e6192b145017f64734b0a9a384c9123a | app.py,"SVEN CCS'23 (He&Vechev), MIT",,L3
sven/train/cwe-089/app.py::get_articles_by_subject@fix,0,cwe-089,github.com/sepehr125/arxiv-doc2vec-recommender/commit/f23a4c32e6192b145017f64734b0a9a384c9123a | app.py | 修复版,"SVEN CCS'23 (He&Vechev), MIT",,L3
sven/train/cwe-089/beta/database.py::getQueue@vul,1,cwe-089,github.com/jappe999/WebScraper/commit/46a4e0843aa44d903293637afad53dfcbc37b480 | beta/database.py,"SVEN CCS'23 (He&Vechev), MIT",,L3
sven/train/cwe-089/beta/database.py::getQueue@fix,0,cwe-089,github.com/jappe999/WebScraper/commit/46a4e0843aa44d903293637afad53dfcbc37b480 | beta/database.py | 修复版,"SVEN CCS'23 (He&Vechev), MIT",,L3
sven/train/cwe-089/plugins/poll.py::showPoll@vul,1,cwe-089,github.com/FrozenPigs/Taigabot/commit/ea9b83a66ae1f0f38a1895f3e8dfa2833d77e3a6 | plugins/poll.py,"SVEN CCS'23 (He&Vechev), MIT",,L3
sven/train/cwe-089/plugins/poll.py::showPoll@fix,0,cwe-089,github.com/FrozenPigs/Taigabot/commit/ea9b83a66ae1f0f38a1895f3e8dfa2833d77e3a6 | plugins/poll.py | 修复版,"SVEN CCS'23 (He&Vechev), MIT",,L3
sven/train/cwe-089/process_data.py::process_ranks@vul,1,cwe-089,github.com/DKelle/Smash_stats/commit/4bb83f3f6ce7d6bebbeb512cd015f9e72cf36d63 | process_data.py,"SVEN CCS'23 (He&Vechev), MIT",,L3
sven/train/cwe-089/process_data.py::process_ranks@fix,0,cwe-089,github.com/DKelle/Smash_stats/commit/4bb83f3f6ce7d6bebbeb512cd015f9e72cf36d63 | process_data.py | 修复版,"SVEN CCS'23 (He&Vechev), MIT",,L3
sven/train/cwe-089/validURLs.py::analyze_smashgg@vul,1,cwe-089,github.com/DKelle/Smash_stats/commit/4bb83f3f6ce7d6bebbeb512cd015f9e72cf36d63 | validURLs.py,"SVEN CCS'23 (He&Vechev), MIT",,L3
sven/train/cwe-089/validURLs.py::analyze_smashgg@fix,0,cwe-089,github.com/DKelle/Smash_stats/commit/4bb83f3f6ce7d6bebbeb512cd015f9e72cf36d63 | validURLs.py | 修复版,"SVEN CCS'23 (He&Vechev), MIT",,L3
sven/train/cwe-089/flaskr/flaskr/views/message.py::test@vul,1,cwe-089,github.com/ulyssetsd/bjtu-sql/commit/17d7b21864b72ba5666f15236474a93268b32ec9 | flaskr/flaskr/views/message.py,"SVEN CCS'23 (He&Vechev), MIT",,L3
sven/train/cwe-089/flaskr/flaskr/views/message.py::test@fix,0,cwe-089,github.com/ulyssetsd/bjtu-sql/commit/17d7b21864b72ba5666f15236474a93268b32ec9 | flaskr/flaskr/views/message.py | 修复版,"SVEN CCS'23 (He&Vechev), MIT",,L3
sven/train/cwe-089/photogpsbot/users.py::get_last_active_users@vul,1,cwe-089,github.com/RandyRomero/photoGPSbot/commit/0e9f57f13e61863b3672f5730e27f149da00786a | photogpsbot/users.py,"SVEN CCS'23 (He&Vechev), MIT",,L3
sven/train/cwe-089/photogpsbot/users.py::get_last_active_users@fix,0,cwe-089,github.com/RandyRomero/photoGPSbot/commit/0e9f57f13e61863b3672f5730e27f149da00786a | photogpsbot/users.py | 修复版,"SVEN CCS'23 (He&Vechev), MIT",,L3
sven/train/cwe-089/experimental/python/buford/model/visitor.py::on_save@vul,1,cwe-089,github.com/onewyoming/onewyoming/commit/54fc7b076fda2de74eeb55e6b75b28e09ef231c2 | experimental/python/buford/model/visitor.py,"SVEN CCS'23 (He&Vechev), MIT",,L3
sven/train/cwe-089/experimental/python/buford/model/visitor.py::on_save@fix,0,cwe-089,github.com/onewyoming/onewyoming/commit/54fc7b076fda2de74eeb55e6b75b28e09ef231c2 | experimental/python/buford/model/visitor.py | 修复版,"SVEN CCS'23 (He&Vechev), MIT",,L3
sven/train/cwe-089/bin/solrcheckup.py::update_institutions@vul,1,cwe-089,github.com/miku/siskin/commit/7fa398d2fea72bf2e8b4808f75df4b3d35ae959a | bin/solrcheckup.py,"SVEN CCS'23 (He&Vechev), MIT",,L3
sven/train/cwe-089/bin/solrcheckup.py::update_institutions@fix,0,cwe-089,github.com/miku/siskin/commit/7fa398d2fea72bf2e8b4808f75df4b3d35ae959a | bin/solrcheckup.py | 修复版,"SVEN CCS'23 (He&Vechev), MIT",,L3
sven/train/cwe-089/photogpsbot/users.py::_add_to_db@vul,1,cwe-089,github.com/RandyRomero/photoGPSbot/commit/0e9f57f13e61863b3672f5730e27f149da00786a | photogpsbot/users.py,"SVEN CCS'23 (He&Vechev), MIT",,L3
sven/train/cwe-089/photogpsbot/users.py::_add_to_db@fix,0,cwe-089,github.com/RandyRomero/photoGPSbot/commit/0e9f57f13e61863b3672f5730e27f149da00786a | photogpsbot/users.py | 修复版,"SVEN CCS'23 (He&Vechev), MIT",,L3
sven/train/cwe-089/modules/post.py::deletePost@vul,1,cwe-089,github.com/ShaominLi/Twitter_project/commit/5329d91f9e569c95184053c8e7ef596949c33ce9 | modules/post.py,"SVEN CCS'23 (He&Vechev), MIT",,L3
sven/train/cwe-089/modules/post.py::deletePost@fix,0,cwe-089,github.com/ShaominLi/Twitter_project/commit/5329d91f9e569c95184053c8e7ef596949c33ce9 | modules/post.py | 修复版,"SVEN CCS'23 (He&Vechev), MIT",,L3
sven/train/cwe-089/docker/app.py::sloka@vul,1,cwe-089,github.com/aupasana/amara-quiz/commit/6ceb5dc8ec38b4a3f1399e578ab970f7e3354922 | docker/app.py,"SVEN CCS'23 (He&Vechev), MIT",,L3
sven/train/cwe-089/docker/app.py::sloka@fix,0,cwe-089,github.com/aupasana/amara-quiz/commit/6ceb5dc8ec38b4a3f1399e578ab970f7e3354922 | docker/app.py | 修复版,"SVEN CCS'23 (He&Vechev), MIT",,L3
sven/train/cwe-089/entry.py::update_title@vul,1,cwe-089,github.com/peterlebrun/jdk/commit/000238566fbe55ba09676c3d57af04ae207235ae | entry.py,"SVEN CCS'23 (He&Vechev), MIT",,L3
sven/train/cwe-089/entry.py::update_title@fix,0,cwe-089,github.com/peterlebrun/jdk/commit/000238566fbe55ba09676c3d57af04ae207235ae | entry.py | 修复版,"SVEN CCS'23 (He&Vechev), MIT",,L3
sven/train/cwe-089/ecosldb/ecosldb.py::add_language@vul,1,cwe-089,github.com/ecosl-developers/ecosl/commit/8af050a513338bf68ff2a243e4a2482d24e9aa3a | ecosldb/ecosldb.py,"SVEN CCS'23 (He&Vechev), MIT",,L3
sven/train/cwe-089/ecosldb/ecosldb.py::add_language@fix,0,cwe-089,github.com/ecosl-developers/ecosl/commit/8af050a513338bf68ff2a243e4a2482d24e9aa3a | ecosldb/ecosldb.py | 修复版,"SVEN CCS'23 (He&Vechev), MIT",,L3
sven/val/cwe-022/impl.py::getKey@vul,1,cwe-022,github.com/Mimickal/FoxLock/commit/7c665e556987f4e2c1a75e143a1e80ae066ad833 | impl.py,"SVEN CCS'23 (He&Vechev), MIT",,L3
sven/val/cwe-022/impl.py::getKey@fix,0,cwe-022,github.com/Mimickal/FoxLock/commit/7c665e556987f4e2c1a75e143a1e80ae066ad833 | impl.py | 修复版,"SVEN CCS'23 (He&Vechev), MIT",,L3
sven/val/cwe-022/cuckoo/web/controllers/analysis/export/export.py::estimate_size@vul,1,cwe-022,github.com/cuckoosandbox/cuckoo/commit/b90267fe4e5ee266ec3d4310a7b5c92c805b7ea3 | cuckoo/web/controllers/analysis/export/export.py,"SVEN CCS'23 (He&Vechev), MIT",,L3
sven/val/cwe-022/cuckoo/web/controllers/analysis/export/export.py::estimate_size@fix,0,cwe-022,github.com/cuckoosandbox/cuckoo/commit/b90267fe4e5ee266ec3d4310a7b5c92c805b7ea3 | cuckoo/web/controllers/analysis/export/export.py | 修复版,"SVEN CCS'23 (He&Vechev), MIT",,L3
sven/val/cwe-022/custodia/store/etcdstore.py::span@vul,1,cwe-022,github.com/latchset/custodia/commit/785fc87f38b4811bc4ce43a0a9b2267ee7d500b4 | custodia/store/etcdstore.py,"SVEN CCS'23 (He&Vechev), MIT",,L3
sven/val/cwe-022/custodia/store/etcdstore.py::span@fix,0,cwe-022,github.com/latchset/custodia/commit/785fc87f38b4811bc4ce43a0a9b2267ee7d500b4 | custodia/store/etcdstore.py | 修复版,"SVEN CCS'23 (He&Vechev), MIT",,L3
sven/val/cwe-022/lib/_sublime.py::_get_settings@vul,1,cwe-022,github.com/DamnWidget/anaconda_go/commit/d3db90bb8853d832927818699591b91f56f6413c | lib/_sublime.py,"SVEN CCS'23 (He&Vechev), MIT",,L3
sven/val/cwe-022/lib/_sublime.py::_get_settings@fix,0,cwe-022,github.com/DamnWidget/anaconda_go/commit/d3db90bb8853d832927818699591b91f56f6413c | lib/_sublime.py | 修复版,"SVEN CCS'23 (He&Vechev), MIT",,L3
sven/val/cwe-078/cinder/volume/drivers/san/hp/hp_3par_common.py::_get_3par_host@vul,1,cwe-078,github.com/thatsdone/cinder/commit/c55589b131828f3a595903f6796cb2d0babb772f | cinder/volume/drivers/san/hp/hp_3par_common.py,"SVEN CCS'23 (He&Vechev), MIT",,L3
sven/val/cwe-078/cinder/volume/drivers/san/hp/hp_3par_common.py::_get_3par_host@fix,0,cwe-078,github.com/thatsdone/cinder/commit/c55589b131828f3a595903f6796cb2d0babb772f | cinder/volume/drivers/san/hp/hp_3par_common.py | 修复版,"SVEN CCS'23 (He&Vechev), MIT",,L3
sven/val/cwe-078/cinder/volume/drivers/storwize_svc.py::_get_vdisk_attributes@vul,1,cwe-078,github.com/thatsdone/cinder/commit/f752302d181583a95cf44354aea607ce9d9283f4 | cinder/volume/drivers/storwize_svc.py,"SVEN CCS'23 (He&Vechev), MIT",,L3
sven/val/cwe-078/cinder/volume/drivers/storwize_svc.py::_get_vdisk_attributes@fix,0,cwe-078,github.com/thatsdone/cinder/commit/f752302d181583a95cf44354aea607ce9d9283f4 | cinder/volume/drivers/storwize_svc.py | 修复版,"SVEN CCS'23 (He&Vechev), MIT",,L3
sven/val/cwe-078/isort/hooks.py::git_hook@vul,1,cwe-078,github.com/timothycrosley/isort/commit/1ab38f4f7840a3c19bf961a24630a992a8373a76 | isort/hooks.py,"SVEN CCS'23 (He&Vechev), MIT",,L3
sven/val/cwe-078/isort/hooks.py::git_hook@fix,0,cwe-078,github.com/timothycrosley/isort/commit/1ab38f4f7840a3c19bf961a24630a992a8373a76 | isort/hooks.py | 修复版,"SVEN CCS'23 (He&Vechev), MIT",,L3
sven/val/cwe-078/cinder/tests/test_hp3par.py::test_create_modify_host@vul,1,cwe-078,github.com/thatsdone/cinder/commit/c55589b131828f3a595903f6796cb2d0babb772f | cinder/tests/test_hp3par.py,"SVEN CCS'23 (He&Vechev), MIT",,L3
sven/val/cwe-078/cinder/tests/test_hp3par.py::test_create_modify_host@fix,0,cwe-078,github.com/thatsdone/cinder/commit/c55589b131828f3a595903f6796cb2d0babb772f | cinder/tests/test_hp3par.py | 修复版,"SVEN CCS'23 (He&Vechev), MIT",,L3
sven/val/cwe-078/cinder/volume/drivers/san/san.py::_run_ssh@vul,1,cwe-078,github.com/thatsdone/cinder/commit/f752302d181583a95cf44354aea607ce9d9283f4 | cinder/volume/drivers/san/san.py,"SVEN CCS'23 (He&Vechev), MIT",,L3
sven/val/cwe-078/cinder/volume/drivers/san/san.py::_run_ssh@fix,0,cwe-078,github.com/thatsdone/cinder/commit/f752302d181583a95cf44354aea607ce9d9283f4 | cinder/volume/drivers/san/san.py | 修复版,"SVEN CCS'23 (He&Vechev), MIT",,L3
sven/val/cwe-078/app/views.py::view@vul,1,cwe-078,github.com/cheukyin699/genset-demo-site/commit/abb55b1a6786b0a995c2cdf77a7977a1d51cfc0d | app/views.py,"SVEN CCS'23 (He&Vechev), MIT",,L3
sven/val/cwe-078/app/views.py::view@fix,0,cwe-078,github.com/cheukyin699/genset-demo-site/commit/abb55b1a6786b0a995c2cdf77a7977a1d51cfc0d | app/views.py | 修复版,"SVEN CCS'23 (He&Vechev), MIT",,L3
sven/val/cwe-078/src/util.py::get_title_from_youtube_url@vul,1,cwe-078,github.com/w-martin/mindfulness/commit/62e1d5ce9deb57468cf917ce0ce838120ec84c46 | src/util.py,"SVEN CCS'23 (He&Vechev), MIT",,L3
sven/val/cwe-078/src/util.py::get_title_from_youtube_url@fix,0,cwe-078,github.com/w-martin/mindfulness/commit/62e1d5ce9deb57468cf917ce0ce838120ec84c46 | src/util.py | 修复版,"SVEN CCS'23 (He&Vechev), MIT",,L3
sven/val/cwe-078/cinder/tests/test_hp3par.py::test_get_ports@vul,1,cwe-078,github.com/thatsdone/cinder/commit/c55589b131828f3a595903f6796cb2d0babb772f | cinder/tests/test_hp3par.py,"SVEN CCS'23 (He&Vechev), MIT",,L3
sven/val/cwe-078/cinder/tests/test_hp3par.py::test_get_ports@fix,0,cwe-078,github.com/thatsdone/cinder/commit/c55589b131828f3a595903f6796cb2d0babb772f | cinder/tests/test_hp3par.py | 修复版,"SVEN CCS'23 (He&Vechev), MIT",,L3
sven/val/cwe-078/cinder/volume/drivers/san/hp/hp_3par_common.py::_create_3par_vlun@vul,1,cwe-078,github.com/thatsdone/cinder/commit/c55589b131828f3a595903f6796cb2d0babb772f | cinder/volume/drivers/san/hp/hp_3par_common.py,"SVEN CCS'23 (He&Vechev), MIT",,L3
sven/val/cwe-078/cinder/volume/drivers/san/hp/hp_3par_common.py::_create_3par_vlun@fix,0,cwe-078,github.com/thatsdone/cinder/commit/c55589b131828f3a595903f6796cb2d0babb772f | cinder/volume/drivers/san/hp/hp_3par_common.py | 修复版,"SVEN CCS'23 (He&Vechev), MIT",,L3
sven/val/cwe-078/cinder/volume/drivers/san/hp/hp_3par_common.py::_set_connections@vul,1,cwe-078,github.com/thatsdone/cinder/commit/c55589b131828f3a595903f6796cb2d0babb772f | cinder/volume/drivers/san/hp/hp_3par_common.py,"SVEN CCS'23 (He&Vechev), MIT",,L3
sven/val/cwe-078/cinder/volume/drivers/san/hp/hp_3par_common.py::_set_connections@fix,0,cwe-078,github.com/thatsdone/cinder/commit/c55589b131828f3a595903f6796cb2d0babb772f | cinder/volume/drivers/san/hp/hp_3par_common.py | 修复版,"SVEN CCS'23 (He&Vechev), MIT",,L3
sven/val/cwe-078/cinder/volume/drivers/storwize_svc.py::_get_chap_secret_for_host@vul,1,cwe-078,github.com/thatsdone/cinder/commit/f752302d181583a95cf44354aea607ce9d9283f4 | cinder/volume/drivers/storwize_svc.py,"SVEN CCS'23 (He&Vechev), MIT",,L3
sven/val/cwe-078/cinder/volume/drivers/storwize_svc.py::_get_chap_secret_for_host@fix,0,cwe-078,github.com/thatsdone/cinder/commit/f752302d181583a95cf44354aea607ce9d9283f4 | cinder/volume/drivers/storwize_svc.py | 修复版,"SVEN CCS'23 (He&Vechev), MIT",,L3
sven/val/cwe-079/src/appengine/handlers/base_handler.py::redirect@vul,1,cwe-079,github.com/google/clusterfuzz/commit/3d66c1146550eecd4e34d47332a8616b435a21fe | src/appengine/handlers/base_handler.py,"SVEN CCS'23 (He&Vechev), MIT",,L3
sven/val/cwe-079/src/appengine/handlers/base_handler.py::redirect@fix,0,cwe-079,github.com/google/clusterfuzz/commit/3d66c1146550eecd4e34d47332a8616b435a21fe | src/appengine/handlers/base_handler.py | 修复版,"SVEN CCS'23 (He&Vechev), MIT",,L3
sven/val/cwe-079/smart_lists/helpers.py::get_value@vul,1,cwe-079,github.com/plecto/django-smart-lists/commit/44314e51b371e01cd9bceb2e0ed6c8d75d7f87c3 | smart_lists/helpers.py,"SVEN CCS'23 (He&Vechev), MIT",,L3
sven/val/cwe-079/smart_lists/helpers.py::get_value@fix,0,cwe-079,github.com/plecto/django-smart-lists/commit/44314e51b371e01cd9bceb2e0ed6c8d75d7f87c3 | smart_lists/helpers.py | 修复版,"SVEN CCS'23 (He&Vechev), MIT",,L3
sven/val/cwe-079/apps/oozie/src/oozie/views/editor2.py::list_editor_workflows@vul,1,cwe-079,github.com/gethue/hue/commit/6641c62beaa1468082e47d82da5ed758d11c7735 | apps/oozie/src/oozie/views/editor2.py,"SVEN CCS'23 (He&Vechev), MIT",,L3
sven/val/cwe-079/apps/oozie/src/oozie/views/editor2.py::list_editor_workflows@fix,0,cwe-079,github.com/gethue/hue/commit/6641c62beaa1468082e47d82da5ed758d11c7735 | apps/oozie/src/oozie/views/editor2.py | 修复版,"SVEN CCS'23 (He&Vechev), MIT",,L3
sven/val/cwe-089/modules/comment.py::likeComments@vul,1,cwe-089,github.com/ShaominLi/Twitter_project/commit/5329d91f9e569c95184053c8e7ef596949c33ce9 | modules/comment.py,"SVEN CCS'23 (He&Vechev), MIT",,L3
sven/val/cwe-089/modules/comment.py::likeComments@fix,0,cwe-089,github.com/ShaominLi/Twitter_project/commit/5329d91f9e569c95184053c8e7ef596949c33ce9 | modules/comment.py | 修复版,"SVEN CCS'23 (He&Vechev), MIT",,L3
sven/val/cwe-089/util/database.py::add_inverters@vul,1,cwe-089,github.com/philipptrenz/s0-bridge/commit/269b48caa05377b7c58c3e6d1622a4429cb5ba65 | util/database.py,"SVEN CCS'23 (He&Vechev), MIT",,L3
sven/val/cwe-089/util/database.py::add_inverters@fix,0,cwe-089,github.com/philipptrenz/s0-bridge/commit/269b48caa05377b7c58c3e6d1622a4429cb5ba65 | util/database.py | 修复版,"SVEN CCS'23 (He&Vechev), MIT",,L3
sven/val/cwe-089/flaskr/flaskr/views/message.py::delete@vul,1,cwe-089,github.com/ulyssetsd/bjtu-sql/commit/17d7b21864b72ba5666f15236474a93268b32ec9 | flaskr/flaskr/views/message.py,"SVEN CCS'23 (He&Vechev), MIT",,L3
sven/val/cwe-089/flaskr/flaskr/views/message.py::delete@fix,0,cwe-089,github.com/ulyssetsd/bjtu-sql/commit/17d7b21864b72ba5666f15236474a93268b32ec9 | flaskr/flaskr/views/message.py | 修复版,"SVEN CCS'23 (He&Vechev), MIT",,L3
sven/val/cwe-089/KarmaBoi/dbopts.py::karma_rank@vul,1,cwe-089,github.com/tylarb/KarmaBoi-PCF/commit/c1d00a27d7f6b7eb6f15a3dacd4269654a32c10a | KarmaBoi/dbopts.py,"SVEN CCS'23 (He&Vechev), MIT",,L3
sven/val/cwe-089/KarmaBoi/dbopts.py::karma_rank@fix,0,cwe-089,github.com/tylarb/KarmaBoi-PCF/commit/c1d00a27d7f6b7eb6f15a3dacd4269654a32c10a | KarmaBoi/dbopts.py | 修复版,"SVEN CCS'23 (He&Vechev), MIT",,L3
sven/val/cwe-089/bracket_utils.py::get_last_month@vul,1,cwe-089,github.com/DKelle/Smash_stats/commit/4bb83f3f6ce7d6bebbeb512cd015f9e72cf36d63 | bracket_utils.py,"SVEN CCS'23 (He&Vechev), MIT",,L3
sven/val/cwe-089/bracket_utils.py::get_last_month@fix,0,cwe-089,github.com/DKelle/Smash_stats/commit/4bb83f3f6ce7d6bebbeb512cd015f9e72cf36d63 | bracket_utils.py | 修复版,"SVEN CCS'23 (He&Vechev), MIT",,L3
sven/val/cwe-089/api/achievements.py::achievements_list_player@vul,1,cwe-089,github.com/FAForever/api/commit/5fe7f23868cd191616b088bdd5b24010f004dd5a | api/achievements.py,"SVEN CCS'23 (He&Vechev), MIT",,L3
sven/val/cwe-089/api/achievements.py::achievements_list_player@fix,0,cwe-089,github.com/FAForever/api/commit/5fe7f23868cd191616b088bdd5b24010f004dd5a | api/achievements.py | 修复版,"SVEN CCS'23 (He&Vechev), MIT",,L3
sven/val/cwe-089/backend/transactions/TransactionConnector.py::check_if_this_project_is_in_database@vul,1,cwe-089,github.com/JLucka/kickstarter-dev/commit/e2ffa062697e060fdfbd2eccbb89a8c53a569e0b | backend/transactions/TransactionConnector.py,"SVEN CCS'23 (He&Vechev), MIT",,L3
sven/val/cwe-089/backend/transactions/TransactionConnector.py::check_if_this_project_is_in_database@fix,0,cwe-089,github.com/JLucka/kickstarter-dev/commit/e2ffa062697e060fdfbd2eccbb89a8c53a569e0b | backend/transactions/TransactionConnector.py | 修复版,"SVEN CCS'23 (He&Vechev), MIT",,L3
sven/val/cwe-089/server.py::edit_page@vul,1,cwe-089,github.com/jcortes0309/wiki_flask/commit/a6bf5316abe2eb528adf36c8241a013fd02c5ffa | server.py,"SVEN CCS'23 (He&Vechev), MIT",,L3
sven/val/cwe-089/server.py::edit_page@fix,0,cwe-089,github.com/jcortes0309/wiki_flask/commit/a6bf5316abe2eb528adf36c8241a013fd02c5ffa | server.py | 修复版,"SVEN CCS'23 (He&Vechev), MIT",,L3
sven/val/cwe-089/tournament.py::reportMatch@vul,1,cwe-089,github.com/sarahkcaplan/tournament/commit/40aba5686059f5f398f6323b1483412c56140cc0 | tournament.py,"SVEN CCS'23 (He&Vechev), MIT",,L3
sven/val/cwe-089/tournament.py::reportMatch@fix,0,cwe-089,github.com/sarahkcaplan/tournament/commit/40aba5686059f5f398f6323b1483412c56140cc0 | tournament.py | 修复版,"SVEN CCS'23 (He&Vechev), MIT",,L3
sven/val/cwe-089/cgi/common.py::get_game_info@vul,1,cwe-089,github.com/russ-lewis/ttt_-_python_cgi/commit/6096f43fd4b2d91211eec4614b7960c0816900da | cgi/common.py,"SVEN CCS'23 (He&Vechev), MIT",,L3
sven/val/cwe-089/cgi/common.py::get_game_info@fix,0,cwe-089,github.com/russ-lewis/ttt_-_python_cgi/commit/6096f43fd4b2d91211eec4614b7960c0816900da | cgi/common.py | 修复版,"SVEN CCS'23 (He&Vechev), MIT",,L3
sven/val/cwe-089/inbox_scanner.py::process_as_reply@vul,1,cwe-089,github.com/confirmationbias616/certificate_checker/commit/9e890b9613b627e3a5995d0e4a594c8e0831e2ce | inbox_scanner.py,"SVEN CCS'23 (He&Vechev), MIT",,L3
sven/val/cwe-089/inbox_scanner.py::process_as_reply@fix,0,cwe-089,github.com/confirmationbias616/certificate_checker/commit/9e890b9613b627e3a5995d0e4a594c8e0831e2ce | inbox_scanner.py | 修复版,"SVEN CCS'23 (He&Vechev), MIT",,L3
sven/val/cwe-089/playlist/playlist_repository.py::update_playlist@vul,1,cwe-089,github.com/Madmous/playlist/commit/666e52c5f0b8c1f4296e84471637033d9542a7a6 | playlist/playlist_repository.py,"SVEN CCS'23 (He&Vechev), MIT",,L3
sven/val/cwe-089/playlist/playlist_repository.py::update_playlist@fix,0,cwe-089,github.com/Madmous/playlist/commit/666e52c5f0b8c1f4296e84471637033d9542a7a6 | playlist/playlist_repository.py | 修复版,"SVEN CCS'23 (He&Vechev), MIT",,L3
sven/val/cwe-089/util/database.py::get_requested_month@vul,1,cwe-089,github.com/philipptrenz/sunportal/commit/7eef493a168ed4e6731ff800713bfb8aee99a506 | util/database.py,"SVEN CCS'23 (He&Vechev), MIT",,L3
sven/val/cwe-089/util/database.py::get_requested_month@fix,0,cwe-089,github.com/philipptrenz/sunportal/commit/7eef493a168ed4e6731ff800713bfb8aee99a506 | util/database.py | 修复版,"SVEN CCS'23 (He&Vechev), MIT",,L3
sven/val/cwe-089/video/video_repository.py::retrieve_videos_from_playlist@vul,1,cwe-089,github.com/Madmous/playlist/commit/666e52c5f0b8c1f4296e84471637033d9542a7a6 | video/video_repository.py,"SVEN CCS'23 (He&Vechev), MIT",,L3
sven/val/cwe-089/video/video_repository.py::retrieve_videos_from_playlist@fix,0,cwe-089,github.com/Madmous/playlist/commit/666e52c5f0b8c1f4296e84471637033d9542a7a6 | video/video_repository.py | 修复版,"SVEN CCS'23 (He&Vechev), MIT",,L3
sven/val/cwe-089/main_test.py::create_playlist@vul,1,cwe-089,github.com/Madmous/playlist/commit/666e52c5f0b8c1f4296e84471637033d9542a7a6 | main_test.py,"SVEN CCS'23 (He&Vechev), MIT",,L3
sven/val/cwe-089/main_test.py::create_playlist@fix,0,cwe-089,github.com/Madmous/playlist/commit/666e52c5f0b8c1f4296e84471637033d9542a7a6 | main_test.py | 修复版,"SVEN CCS'23 (He&Vechev), MIT",,L3
sven/val/cwe-089/video/video_repository.py::update_video_positions@vul,1,cwe-089,github.com/Madmous/playlist/commit/666e52c5f0b8c1f4296e84471637033d9542a7a6 | video/video_repository.py,"SVEN CCS'23 (He&Vechev), MIT",,L3
sven/val/cwe-089/video/video_repository.py::update_video_positions@fix,0,cwe-089,github.com/Madmous/playlist/commit/666e52c5f0b8c1f4296e84471637033d9542a7a6 | video/video_repository.py | 修复版,"SVEN CCS'23 (He&Vechev), MIT",,L3
sven/val/cwe-089/photogpsbot/process_image.py::_check_camera_tags@vul,1,cwe-089,github.com/RandyRomero/photoGPSbot/commit/0e9f57f13e61863b3672f5730e27f149da00786a | photogpsbot/process_image.py,"SVEN CCS'23 (He&Vechev), MIT",,L3
sven/val/cwe-089/photogpsbot/process_image.py::_check_camera_tags@fix,0,cwe-089,github.com/RandyRomero/photoGPSbot/commit/0e9f57f13e61863b3672f5730e27f149da00786a | photogpsbot/process_image.py | 修复版,"SVEN CCS'23 (He&Vechev), MIT",,L3
sven/val/cwe-089/dbhelper.py::add_input@vul,1,cwe-089,github.com/fangyansun/crimemap/commit/a3ab652c214f801c2910e2f96e4de18848de58ae | dbhelper.py,"SVEN CCS'23 (He&Vechev), MIT",,L3
sven/val/cwe-089/dbhelper.py::add_input@fix,0,cwe-089,github.com/fangyansun/crimemap/commit/a3ab652c214f801c2910e2f96e4de18848de58ae | dbhelper.py | 修复版,"SVEN CCS'23 (He&Vechev), MIT",,L3
sven/val/cwe-089/database.py::getResults@vul,1,cwe-089,github.com/FAUSheppy/simple-python-poll/commit/186c5ff5cdf58272e253a1bb432419ee50d93109 | database.py,"SVEN CCS'23 (He&Vechev), MIT",,L3
sven/val/cwe-089/database.py::getResults@fix,0,cwe-089,github.com/FAUSheppy/simple-python-poll/commit/186c5ff5cdf58272e253a1bb432419ee50d93109 | database.py | 修复版,"SVEN CCS'23 (He&Vechev), MIT",,L3
sven/val/cwe-089/bin/solrcheckup.py::update_sources@vul,1,cwe-089,github.com/miku/siskin/commit/7fa398d2fea72bf2e8b4808f75df4b3d35ae959a | bin/solrcheckup.py,"SVEN CCS'23 (He&Vechev), MIT",,L3
sven/val/cwe-089/bin/solrcheckup.py::update_sources@fix,0,cwe-089,github.com/miku/siskin/commit/7fa398d2fea72bf2e8b4808f75df4b3d35ae959a | bin/solrcheckup.py | 修复版,"SVEN CCS'23 (He&Vechev), MIT",,L3
